<annotation>
	<folder>images</folder>
	<filename>yjs_10.jpg</filename>
	<path>/Users/zxl/Desktop/data_processing/images/yjs_10.jpg</path>
	<source>
		<database>Unknown</database>
	</source>
	<size>
		<width>600</width>
		<height>450</height>
		<depth>3</depth>
	</size>
	<segmented>0</segmented>
	<object>
		<name>牙</name>
		<pose>Unspecified</pose>
		<truncated>1</truncated>
		<difficult>0</difficult>
		<bndbox>
			<xmin>29</xmin>
			<ymin>17</ymin>
			<xmax>566</xmax>
			<ymax>450</ymax>
		</bndbox>
	</object>
	<object>
		<name>牙结石2度</name>
		<pose>Unspecified</pose>
		<truncated>0</truncated>
		<difficult>0</difficult>
		<bndbox>
			<xmin>138</xmin>
			<ymin>98</ymin>
			<xmax>288</xmax>
			<ymax>310</ymax>
		</bndbox>
	</object>
	<object>
		<name>牙结石2度</name>
		<pose>Unspecified</pose>
		<truncated>0</truncated>
		<difficult>0</difficult>
		<bndbox>
			<xmin>289</xmin>
			<ymin>79</ymin>
			<xmax>469</xmax>
			<ymax>249</ymax>
		</bndbox>
	</object>
</annotation>
