<annotation>
	<folder>fr_net</folder>
	<filename>yjs_89.jpg</filename>
	<path>/Users/zxl/Desktop/All_yjs/images/fr_net/yjs_89.jpg</path>
	<source>
		<database>Unknown</database>
	</source>
	<size>
		<width>640</width>
		<height>356</height>
		<depth>3</depth>
	</size>
	<segmented>0</segmented>
	<object>
		<name>牙</name>
		<pose>Unspecified</pose>
		<truncated>0</truncated>
		<difficult>0</difficult>
		<bndbox>
			<xmin>71</xmin>
			<ymin>13</ymin>
			<xmax>257</xmax>
			<ymax>341</ymax>
		</bndbox>
	</object>
	<object>
		<name>牙</name>
		<pose>Unspecified</pose>
		<truncated>0</truncated>
		<difficult>0</difficult>
		<bndbox>
			<xmin>363</xmin>
			<ymin>13</ymin>
			<xmax>563</xmax>
			<ymax>341</ymax>
		</bndbox>
	</object>
	<object>
		<name>牙结石2度</name>
		<pose>Unspecified</pose>
		<truncated>0</truncated>
		<difficult>0</difficult>
		<bndbox>
			<xmin>58</xmin>
			<ymin>40</ymin>
			<xmax>200</xmax>
			<ymax>339</ymax>
		</bndbox>
	</object>
</annotation>
