<annotation>
	<folder>fr_net</folder>
	<filename>yjs_32.jpg</filename>
	<path>/Users/zxl/Desktop/All_yjs/images/fr_net/yjs_32.jpg</path>
	<source>
		<database>Unknown</database>
	</source>
	<size>
		<width>447</width>
		<height>298</height>
		<depth>3</depth>
	</size>
	<segmented>0</segmented>
	<object>
		<name>牙</name>
		<pose>Unspecified</pose>
		<truncated>0</truncated>
		<difficult>0</difficult>
		<bndbox>
			<xmin>6</xmin>
			<ymin>46</ymin>
			<xmax>439</xmax>
			<ymax>272</ymax>
		</bndbox>
	</object>
	<object>
		<name>牙结石1度</name>
		<pose>Unspecified</pose>
		<truncated>0</truncated>
		<difficult>0</difficult>
		<bndbox>
			<xmin>77</xmin>
			<ymin>112</ymin>
			<xmax>155</xmax>
			<ymax>212</ymax>
		</bndbox>
	</object>
	<object>
		<name>牙结石2度</name>
		<pose>Unspecified</pose>
		<truncated>0</truncated>
		<difficult>0</difficult>
		<bndbox>
			<xmin>209</xmin>
			<ymin>101</ymin>
			<xmax>354</xmax>
			<ymax>208</ymax>
		</bndbox>
	</object>
</annotation>
