<annotation>
	<folder>fr_net</folder>
	<filename>yjs_121.jpg</filename>
	<path>/Users/zxl/Desktop/All_yjs/images/fr_net/yjs_121.jpg</path>
	<source>
		<database>Unknown</database>
	</source>
	<size>
		<width>400</width>
		<height>281</height>
		<depth>3</depth>
	</size>
	<segmented>0</segmented>
	<object>
		<name>牙</name>
		<pose>Unspecified</pose>
		<truncated>0</truncated>
		<difficult>0</difficult>
		<bndbox>
			<xmin>34</xmin>
			<ymin>106</ymin>
			<xmax>265</xmax>
			<ymax>236</ymax>
		</bndbox>
	</object>
	<object>
		<name>牙</name>
		<pose>Unspecified</pose>
		<truncated>0</truncated>
		<difficult>0</difficult>
		<bndbox>
			<xmin>326</xmin>
			<ymin>211</ymin>
			<xmax>381</xmax>
			<ymax>276</ymax>
		</bndbox>
	</object>
	<object>
		<name>牙结石3度</name>
		<pose>Unspecified</pose>
		<truncated>0</truncated>
		<difficult>0</difficult>
		<bndbox>
			<xmin>104</xmin>
			<ymin>139</ymin>
			<xmax>263</xmax>
			<ymax>218</ymax>
		</bndbox>
	</object>
	<object>
		<name>牙结石2度</name>
		<pose>Unspecified</pose>
		<truncated>0</truncated>
		<difficult>0</difficult>
		<bndbox>
			<xmin>267</xmin>
			<ymin>138</ymin>
			<xmax>331</xmax>
			<ymax>215</ymax>
		</bndbox>
	</object>
</annotation>
