<annotation>
	<folder>images</folder>
	<filename>yjs_56.jpg</filename>
	<path>/Users/zxl/Desktop/data_processing/images/yjs_56.jpg</path>
	<source>
		<database>Unknown</database>
	</source>
	<size>
		<width>589</width>
		<height>300</height>
		<depth>3</depth>
	</size>
	<segmented>0</segmented>
	<object>
		<name>牙</name>
		<pose>Unspecified</pose>
		<truncated>0</truncated>
		<difficult>0</difficult>
		<bndbox>
			<xmin>5</xmin>
			<ymin>107</ymin>
			<xmax>262</xmax>
			<ymax>252</ymax>
		</bndbox>
	</object>
	<object>
		<name>牙</name>
		<pose>Unspecified</pose>
		<truncated>0</truncated>
		<difficult>0</difficult>
		<bndbox>
			<xmin>317</xmin>
			<ymin>123</ymin>
			<xmax>578</xmax>
			<ymax>277</ymax>
		</bndbox>
	</object>
	<object>
		<name>牙结石2度</name>
		<pose>Unspecified</pose>
		<truncated>0</truncated>
		<difficult>0</difficult>
		<bndbox>
			<xmin>81</xmin>
			<ymin>137</ymin>
			<xmax>225</xmax>
			<ymax>208</ymax>
		</bndbox>
	</object>
	<object>
		<name>牙结石2度</name>
		<pose>Unspecified</pose>
		<truncated>0</truncated>
		<difficult>0</difficult>
		<bndbox>
			<xmin>222</xmin>
			<ymin>187</ymin>
			<xmax>254</xmax>
			<ymax>247</ymax>
		</bndbox>
	</object>
	<object>
		<name>牙结石1度</name>
		<pose>Unspecified</pose>
		<truncated>0</truncated>
		<difficult>0</difficult>
		<bndbox>
			<xmin>18</xmin>
			<ymin>150</ymin>
			<xmax>57</xmax>
			<ymax>217</ymax>
		</bndbox>
	</object>
</annotation>
