<annotation>
	<folder>fr_net</folder>
	<filename>yjs_90.jpg</filename>
	<path>/Users/zxl/Desktop/All_yjs/images/fr_net/yjs_90.jpg</path>
	<source>
		<database>Unknown</database>
	</source>
	<size>
		<width>720</width>
		<height>324</height>
		<depth>3</depth>
	</size>
	<segmented>0</segmented>
	<object>
		<name>牙</name>
		<pose>Unspecified</pose>
		<truncated>0</truncated>
		<difficult>0</difficult>
		<bndbox>
			<xmin>3</xmin>
			<ymin>5</ymin>
			<xmax>708</xmax>
			<ymax>257</ymax>
		</bndbox>
	</object>
	<object>
		<name>牙结石3度</name>
		<pose>Unspecified</pose>
		<truncated>0</truncated>
		<difficult>0</difficult>
		<bndbox>
			<xmin>56</xmin>
			<ymin>92</ymin>
			<xmax>698</xmax>
			<ymax>321</ymax>
		</bndbox>
	</object>
</annotation>
