<annotation>
	<folder>images</folder>
	<filename>yjs_7.jpg</filename>
	<path>/Users/zxl/Desktop/data_processing/images/yjs_7.jpg</path>
	<source>
		<database>Unknown</database>
	</source>
	<size>
		<width>600</width>
		<height>450</height>
		<depth>3</depth>
	</size>
	<segmented>0</segmented>
	<object>
		<name>牙</name>
		<pose>Unspecified</pose>
		<truncated>1</truncated>
		<difficult>0</difficult>
		<bndbox>
			<xmin>26</xmin>
			<ymin>26</ymin>
			<xmax>571</xmax>
			<ymax>450</ymax>
		</bndbox>
	</object>
	<object>
		<name>牙结石2度</name>
		<pose>Unspecified</pose>
		<truncated>0</truncated>
		<difficult>0</difficult>
		<bndbox>
			<xmin>126</xmin>
			<ymin>87</ymin>
			<xmax>247</xmax>
			<ymax>314</ymax>
		</bndbox>
	</object>
	<object>
		<name>牙结石2度</name>
		<pose>Unspecified</pose>
		<truncated>0</truncated>
		<difficult>0</difficult>
		<bndbox>
			<xmin>246</xmin>
			<ymin>60</ymin>
			<xmax>456</xmax>
			<ymax>197</ymax>
		</bndbox>
	</object>
</annotation>
