<annotation>
	<folder>fr_net</folder>
	<filename>yjs_31.jpg</filename>
	<path>/Users/zxl/Desktop/All_yjs/images/fr_net/yjs_31.jpg</path>
	<source>
		<database>Unknown</database>
	</source>
	<size>
		<width>447</width>
		<height>298</height>
		<depth>3</depth>
	</size>
	<segmented>0</segmented>
	<object>
		<name>牙</name>
		<pose>Unspecified</pose>
		<truncated>0</truncated>
		<difficult>0</difficult>
		<bndbox>
			<xmin>8</xmin>
			<ymin>49</ymin>
			<xmax>435</xmax>
			<ymax>276</ymax>
		</bndbox>
	</object>
	<object>
		<name>牙结石1度</name>
		<pose>Unspecified</pose>
		<truncated>0</truncated>
		<difficult>0</difficult>
		<bndbox>
			<xmin>64</xmin>
			<ymin>126</ymin>
			<xmax>157</xmax>
			<ymax>209</ymax>
		</bndbox>
	</object>
	<object>
		<name>牙结石2度</name>
		<pose>Unspecified</pose>
		<truncated>0</truncated>
		<difficult>0</difficult>
		<bndbox>
			<xmin>219</xmin>
			<ymin>107</ymin>
			<xmax>355</xmax>
			<ymax>204</ymax>
		</bndbox>
	</object>
</annotation>
