<annotation>
	<folder>images</folder>
	<filename>yjs_70.jpg</filename>
	<path>/Users/zxl/Desktop/data_processing/images/yjs_70.jpg</path>
	<source>
		<database>Unknown</database>
	</source>
	<size>
		<width>528</width>
		<height>352</height>
		<depth>3</depth>
	</size>
	<segmented>0</segmented>
	<object>
		<name>牙</name>
		<pose>Unspecified</pose>
		<truncated>0</truncated>
		<difficult>0</difficult>
		<bndbox>
			<xmin>50</xmin>
			<ymin>102</ymin>
			<xmax>355</xmax>
			<ymax>223</ymax>
		</bndbox>
	</object>
	<object>
		<name>牙</name>
		<pose>Unspecified</pose>
		<truncated>1</truncated>
		<difficult>0</difficult>
		<bndbox>
			<xmin>110</xmin>
			<ymin>1</ymin>
			<xmax>345</xmax>
			<ymax>42</ymax>
		</bndbox>
	</object>
	<object>
		<name>牙结石3度</name>
		<pose>Unspecified</pose>
		<truncated>0</truncated>
		<difficult>0</difficult>
		<bndbox>
			<xmin>181</xmin>
			<ymin>133</ymin>
			<xmax>263</xmax>
			<ymax>202</ymax>
		</bndbox>
	</object>
</annotation>
