<annotation>
	<folder>fr_net</folder>
	<filename>yjs_72.jpg</filename>
	<path>/Users/zxl/Desktop/All_yjs/images/fr_net/yjs_72.jpg</path>
	<source>
		<database>Unknown</database>
	</source>
	<size>
		<width>2448</width>
		<height>3264</height>
		<depth>3</depth>
	</size>
	<segmented>0</segmented>
	<object>
		<name>牙</name>
		<pose>Unspecified</pose>
		<truncated>1</truncated>
		<difficult>0</difficult>
		<bndbox>
			<xmin>62</xmin>
			<ymin>736</ymin>
			<xmax>2448</xmax>
			<ymax>1800</ymax>
		</bndbox>
	</object>
	<object>
		<name>牙结石3度</name>
		<pose>Unspecified</pose>
		<truncated>0</truncated>
		<difficult>0</difficult>
		<bndbox>
			<xmin>826</xmin>
			<ymin>1436</ymin>
			<xmax>2210</xmax>
			<ymax>1916</ymax>
		</bndbox>
	</object>
</annotation>
