<annotation>
	<folder>images</folder>
	<filename>yjs_85.jpg</filename>
	<path>/Users/zxl/Desktop/data_processing/images/yjs_85.jpg</path>
	<source>
		<database>Unknown</database>
	</source>
	<size>
		<width>550</width>
		<height>412</height>
		<depth>3</depth>
	</size>
	<segmented>0</segmented>
	<object>
		<name>牙</name>
		<pose>Unspecified</pose>
		<truncated>1</truncated>
		<difficult>0</difficult>
		<bndbox>
			<xmin>3</xmin>
			<ymin>51</ymin>
			<xmax>550</xmax>
			<ymax>356</ymax>
		</bndbox>
	</object>
	<object>
		<name>牙结石3度</name>
		<pose>Unspecified</pose>
		<truncated>0</truncated>
		<difficult>0</difficult>
		<bndbox>
			<xmin>103</xmin>
			<ymin>90</ymin>
			<xmax>477</xmax>
			<ymax>324</ymax>
		</bndbox>
	</object>
</annotation>
