<annotation>
	<folder>fr_net</folder>
	<filename>yjs_73.jpg</filename>
	<path>/Users/zxl/Desktop/All_yjs/images/fr_net/yjs_73.jpg</path>
	<source>
		<database>Unknown</database>
	</source>
	<size>
		<width>484</width>
		<height>263</height>
		<depth>3</depth>
	</size>
	<segmented>0</segmented>
	<object>
		<name>牙</name>
		<pose>Unspecified</pose>
		<truncated>1</truncated>
		<difficult>0</difficult>
		<bndbox>
			<xmin>7</xmin>
			<ymin>2</ymin>
			<xmax>434</xmax>
			<ymax>263</ymax>
		</bndbox>
	</object>
	<object>
		<name>牙结石2度</name>
		<pose>Unspecified</pose>
		<truncated>0</truncated>
		<difficult>0</difficult>
		<bndbox>
			<xmin>64</xmin>
			<ymin>137</ymin>
			<xmax>178</xmax>
			<ymax>226</ymax>
		</bndbox>
	</object>
</annotation>
