<annotation>
	<folder>fr_net</folder>
	<filename>yjs_9.jpg</filename>
	<path>/Users/zxl/Desktop/All_yjs/images/fr_net/yjs_9.jpg</path>
	<source>
		<database>Unknown</database>
	</source>
	<size>
		<width>490</width>
		<height>324</height>
		<depth>3</depth>
	</size>
	<segmented>0</segmented>
	<object>
		<name>牙</name>
		<pose>Unspecified</pose>
		<truncated>1</truncated>
		<difficult>0</difficult>
		<bndbox>
			<xmin>1</xmin>
			<ymin>32</ymin>
			<xmax>489</xmax>
			<ymax>324</ymax>
		</bndbox>
	</object>
	<object>
		<name>牙结石3度</name>
		<pose>Unspecified</pose>
		<truncated>0</truncated>
		<difficult>0</difficult>
		<bndbox>
			<xmin>49</xmin>
			<ymin>68</ymin>
			<xmax>425</xmax>
			<ymax>230</ymax>
		</bndbox>
	</object>
</annotation>
