<annotation>
	<folder>images</folder>
	<filename>yjs_12.jpg</filename>
	<path>/Users/zxl/Desktop/data_processing/images/yjs_12.jpg</path>
	<source>
		<database>Unknown</database>
	</source>
	<size>
		<width>751</width>
		<height>475</height>
		<depth>3</depth>
	</size>
	<segmented>0</segmented>
	<object>
		<name>牙</name>
		<pose>Unspecified</pose>
		<truncated>1</truncated>
		<difficult>0</difficult>
		<bndbox>
			<xmin>39</xmin>
			<ymin>110</ymin>
			<xmax>751</xmax>
			<ymax>474</ymax>
		</bndbox>
	</object>
	<object>
		<name>牙结石3度</name>
		<pose>Unspecified</pose>
		<truncated>0</truncated>
		<difficult>0</difficult>
		<bndbox>
			<xmin>90</xmin>
			<ymin>158</ymin>
			<xmax>655</xmax>
			<ymax>377</ymax>
		</bndbox>
	</object>
</annotation>
