<annotation>
	<folder>images</folder>
	<filename>yjs_41.jpg</filename>
	<path>/Users/zxl/Desktop/data_processing/images/yjs_41.jpg</path>
	<source>
		<database>Unknown</database>
	</source>
	<size>
		<width>1000</width>
		<height>562</height>
		<depth>3</depth>
	</size>
	<segmented>0</segmented>
	<object>
		<name>牙</name>
		<pose>Unspecified</pose>
		<truncated>1</truncated>
		<difficult>0</difficult>
		<bndbox>
			<xmin>25</xmin>
			<ymin>121</ymin>
			<xmax>1000</xmax>
			<ymax>562</ymax>
		</bndbox>
	</object>
	<object>
		<name>牙结石3度</name>
		<pose>Unspecified</pose>
		<truncated>0</truncated>
		<difficult>0</difficult>
		<bndbox>
			<xmin>220</xmin>
			<ymin>205</ymin>
			<xmax>611</xmax>
			<ymax>444</ymax>
		</bndbox>
	</object>
</annotation>
