<annotation>
	<folder>images</folder>
	<filename>yjs_100.jpg</filename>
	<path>/Users/zxl/Desktop/data_processing/images/yjs_100.jpg</path>
	<source>
		<database>Unknown</database>
	</source>
	<size>
		<width>400</width>
		<height>264</height>
		<depth>3</depth>
	</size>
	<segmented>0</segmented>
	<object>
		<name>牙</name>
		<pose>Unspecified</pose>
		<truncated>1</truncated>
		<difficult>0</difficult>
		<bndbox>
			<xmin>1</xmin>
			<ymin>1</ymin>
			<xmax>399</xmax>
			<ymax>239</ymax>
		</bndbox>
	</object>
	<object>
		<name>牙结石1度</name>
		<pose>Unspecified</pose>
		<truncated>0</truncated>
		<difficult>0</difficult>
		<bndbox>
			<xmin>131</xmin>
			<ymin>37</ymin>
			<xmax>247</xmax>
			<ymax>122</ymax>
		</bndbox>
	</object>
</annotation>
