<annotation>
	<folder>images</folder>
	<filename>yjs_16.jpg</filename>
	<path>/Users/zxl/Desktop/data_processing/images/yjs_16.jpg</path>
	<source>
		<database>Unknown</database>
	</source>
	<size>
		<width>484</width>
		<height>338</height>
		<depth>3</depth>
	</size>
	<segmented>0</segmented>
	<object>
		<name>牙</name>
		<pose>Unspecified</pose>
		<truncated>0</truncated>
		<difficult>0</difficult>
		<bndbox>
			<xmin>2</xmin>
			<ymin>3</ymin>
			<xmax>483</xmax>
			<ymax>323</ymax>
		</bndbox>
	</object>
	<object>
		<name>牙结石3度</name>
		<pose>Unspecified</pose>
		<truncated>0</truncated>
		<difficult>0</difficult>
		<bndbox>
			<xmin>7</xmin>
			<ymin>3</ymin>
			<xmax>454</xmax>
			<ymax>302</ymax>
		</bndbox>
	</object>
</annotation>
