<annotation>
	<folder>fr_net</folder>
	<filename>yjs_23.jpg</filename>
	<path>/Users/zxl/Desktop/All_yjs/images/fr_net/yjs_23.jpg</path>
	<source>
		<database>Unknown</database>
	</source>
	<size>
		<width>600</width>
		<height>800</height>
		<depth>3</depth>
	</size>
	<segmented>0</segmented>
	<object>
		<name>牙</name>
		<pose>Unspecified</pose>
		<truncated>1</truncated>
		<difficult>0</difficult>
		<bndbox>
			<xmin>1</xmin>
			<ymin>18</ymin>
			<xmax>522</xmax>
			<ymax>316</ymax>
		</bndbox>
	</object>
	<object>
		<name>牙结石2度</name>
		<pose>Unspecified</pose>
		<truncated>0</truncated>
		<difficult>0</difficult>
		<bndbox>
			<xmin>40</xmin>
			<ymin>204</ymin>
			<xmax>342</xmax>
			<ymax>285</ymax>
		</bndbox>
	</object>
</annotation>
