<annotation>
	<folder>fr_net</folder>
	<filename>yjs_91.jpg</filename>
	<path>/Users/zxl/Desktop/All_yjs/images/fr_net/yjs_91.jpg</path>
	<source>
		<database>Unknown</database>
	</source>
	<size>
		<width>478</width>
		<height>308</height>
		<depth>3</depth>
	</size>
	<segmented>0</segmented>
	<object>
		<name>牙</name>
		<pose>Unspecified</pose>
		<truncated>1</truncated>
		<difficult>0</difficult>
		<bndbox>
			<xmin>30</xmin>
			<ymin>49</ymin>
			<xmax>442</xmax>
			<ymax>308</ymax>
		</bndbox>
	</object>
	<object>
		<name>牙结石3度</name>
		<pose>Unspecified</pose>
		<truncated>0</truncated>
		<difficult>0</difficult>
		<bndbox>
			<xmin>105</xmin>
			<ymin>128</ymin>
			<xmax>247</xmax>
			<ymax>229</ymax>
		</bndbox>
	</object>
</annotation>
