<annotation>
	<folder>fr_net</folder>
	<filename>yjs_93.jpg</filename>
	<path>/Users/zxl/Desktop/All_yjs/images/fr_net/yjs_93.jpg</path>
	<source>
		<database>Unknown</database>
	</source>
	<size>
		<width>450</width>
		<height>339</height>
		<depth>3</depth>
	</size>
	<segmented>0</segmented>
	<object>
		<name>牙</name>
		<pose>Unspecified</pose>
		<truncated>1</truncated>
		<difficult>0</difficult>
		<bndbox>
			<xmin>1</xmin>
			<ymin>80</ymin>
			<xmax>449</xmax>
			<ymax>264</ymax>
		</bndbox>
	</object>
	<object>
		<name>牙结石2度</name>
		<pose>Unspecified</pose>
		<truncated>0</truncated>
		<difficult>0</difficult>
		<bndbox>
			<xmin>18</xmin>
			<ymin>183</ymin>
			<xmax>167</xmax>
			<ymax>266</ymax>
		</bndbox>
	</object>
	<object>
		<name>牙结石3度</name>
		<pose>Unspecified</pose>
		<truncated>0</truncated>
		<difficult>0</difficult>
		<bndbox>
			<xmin>180</xmin>
			<ymin>168</ymin>
			<xmax>440</xmax>
			<ymax>286</ymax>
		</bndbox>
	</object>
</annotation>
