<annotation>
	<folder>images</folder>
	<filename>yjs_63.jpg</filename>
	<path>/Users/zxl/Desktop/data_processing/images/yjs_63.jpg</path>
	<source>
		<database>Unknown</database>
	</source>
	<size>
		<width>339</width>
		<height>320</height>
		<depth>3</depth>
	</size>
	<segmented>0</segmented>
	<object>
		<name>牙</name>
		<pose>Unspecified</pose>
		<truncated>0</truncated>
		<difficult>0</difficult>
		<bndbox>
			<xmin>38</xmin>
			<ymin>27</ymin>
			<xmax>336</xmax>
			<ymax>161</ymax>
		</bndbox>
	</object>
	<object>
		<name>牙</name>
		<pose>Unspecified</pose>
		<truncated>1</truncated>
		<difficult>0</difficult>
		<bndbox>
			<xmin>22</xmin>
			<ymin>202</ymin>
			<xmax>339</xmax>
			<ymax>320</ymax>
		</bndbox>
	</object>
	<object>
		<name>牙结石3度</name>
		<pose>Unspecified</pose>
		<truncated>0</truncated>
		<difficult>0</difficult>
		<bndbox>
			<xmin>67</xmin>
			<ymin>60</ymin>
			<xmax>292</xmax>
			<ymax>119</ymax>
		</bndbox>
	</object>
</annotation>
