<annotation>
	<folder>fr_net</folder>
	<filename>yjs_57.jpg</filename>
	<path>/Users/zxl/Desktop/All_yjs/images/fr_net/yjs_57.jpg</path>
	<source>
		<database>Unknown</database>
	</source>
	<size>
		<width>600</width>
		<height>600</height>
		<depth>3</depth>
	</size>
	<segmented>0</segmented>
	<object>
		<name>牙</name>
		<pose>Unspecified</pose>
		<truncated>0</truncated>
		<difficult>0</difficult>
		<bndbox>
			<xmin>123</xmin>
			<ymin>141</ymin>
			<xmax>525</xmax>
			<ymax>450</ymax>
		</bndbox>
	</object>
	<object>
		<name>牙结石3度</name>
		<pose>Unspecified</pose>
		<truncated>0</truncated>
		<difficult>0</difficult>
		<bndbox>
			<xmin>153</xmin>
			<ymin>339</ymin>
			<xmax>398</xmax>
			<ymax>453</ymax>
		</bndbox>
	</object>
	<object>
		<name>牙结石2度</name>
		<pose>Unspecified</pose>
		<truncated>0</truncated>
		<difficult>0</difficult>
		<bndbox>
			<xmin>113</xmin>
			<ymin>238</ymin>
			<xmax>147</xmax>
			<ymax>320</ymax>
		</bndbox>
	</object>
</annotation>
