<annotation>
	<folder>fr_net</folder>
	<filename>yjs_102.jpg</filename>
	<path>/Users/zxl/Desktop/All_yjs/images/fr_net/yjs_102.jpg</path>
	<source>
		<database>Unknown</database>
	</source>
	<size>
		<width>500</width>
		<height>200</height>
		<depth>3</depth>
	</size>
	<segmented>0</segmented>
	<object>
		<name>牙</name>
		<pose>Unspecified</pose>
		<truncated>0</truncated>
		<difficult>0</difficult>
		<bndbox>
			<xmin>4</xmin>
			<ymin>45</ymin>
			<xmax>247</xmax>
			<ymax>161</ymax>
		</bndbox>
	</object>
	<object>
		<name>牙</name>
		<pose>Unspecified</pose>
		<truncated>0</truncated>
		<difficult>0</difficult>
		<bndbox>
			<xmin>255</xmin>
			<ymin>37</ymin>
			<xmax>495</xmax>
			<ymax>179</ymax>
		</bndbox>
	</object>
	<object>
		<name>牙结石2度</name>
		<pose>Unspecified</pose>
		<truncated>0</truncated>
		<difficult>0</difficult>
		<bndbox>
			<xmin>17</xmin>
			<ymin>33</ymin>
			<xmax>245</xmax>
			<ymax>71</ymax>
		</bndbox>
	</object>
	<object>
		<name>牙结石2度</name>
		<pose>Unspecified</pose>
		<truncated>0</truncated>
		<difficult>0</difficult>
		<bndbox>
			<xmin>125</xmin>
			<ymin>128</ymin>
			<xmax>169</xmax>
			<ymax>176</ymax>
		</bndbox>
	</object>
</annotation>
