<annotation>
	<folder>fr_net</folder>
	<filename>yjs_46.jpg</filename>
	<path>/Users/zxl/Desktop/All_yjs/images/fr_net/yjs_46.jpg</path>
	<source>
		<database>Unknown</database>
	</source>
	<size>
		<width>550</width>
		<height>335</height>
		<depth>3</depth>
	</size>
	<segmented>0</segmented>
	<object>
		<name>牙</name>
		<pose>Unspecified</pose>
		<truncated>0</truncated>
		<difficult>0</difficult>
		<bndbox>
			<xmin>3</xmin>
			<ymin>62</ymin>
			<xmax>518</xmax>
			<ymax>290</ymax>
		</bndbox>
	</object>
	<object>
		<name>牙结石2度</name>
		<pose>Unspecified</pose>
		<truncated>0</truncated>
		<difficult>0</difficult>
		<bndbox>
			<xmin>56</xmin>
			<ymin>216</ymin>
			<xmax>433</xmax>
			<ymax>288</ymax>
		</bndbox>
	</object>
</annotation>
