<annotation>
	<folder>images</folder>
	<filename>yjs_71.jpg</filename>
	<path>/Users/zxl/Desktop/data_processing/images/yjs_71.jpg</path>
	<source>
		<database>Unknown</database>
	</source>
	<size>
		<width>1200</width>
		<height>800</height>
		<depth>3</depth>
	</size>
	<segmented>0</segmented>
	<object>
		<name>牙</name>
		<pose>Unspecified</pose>
		<truncated>0</truncated>
		<difficult>0</difficult>
		<bndbox>
			<xmin>170</xmin>
			<ymin>26</ymin>
			<xmax>1194</xmax>
			<ymax>619</ymax>
		</bndbox>
	</object>
	<object>
		<name>牙结石1度</name>
		<pose>Unspecified</pose>
		<truncated>0</truncated>
		<difficult>0</difficult>
		<bndbox>
			<xmin>234</xmin>
			<ymin>474</ymin>
			<xmax>613</xmax>
			<ymax>642</ymax>
		</bndbox>
	</object>
	<object>
		<name>牙结石1度</name>
		<pose>Unspecified</pose>
		<truncated>0</truncated>
		<difficult>0</difficult>
		<bndbox>
			<xmin>143</xmin>
			<ymin>435</ymin>
			<xmax>229</xmax>
			<ymax>528</ymax>
		</bndbox>
	</object>
</annotation>
