<annotation>
	<folder>images</folder>
	<filename>yjs_97.jpg</filename>
	<path>/Users/zxl/Desktop/data_processing/images/yjs_97.jpg</path>
	<source>
		<database>Unknown</database>
	</source>
	<size>
		<width>510</width>
		<height>342</height>
		<depth>3</depth>
	</size>
	<segmented>0</segmented>
	<object>
		<name>牙</name>
		<pose>Unspecified</pose>
		<truncated>1</truncated>
		<difficult>0</difficult>
		<bndbox>
			<xmin>1</xmin>
			<ymin>6</ymin>
			<xmax>509</xmax>
			<ymax>307</ymax>
		</bndbox>
	</object>
	<object>
		<name>牙结石1度</name>
		<pose>Unspecified</pose>
		<truncated>0</truncated>
		<difficult>0</difficult>
		<bndbox>
			<xmin>145</xmin>
			<ymin>49</ymin>
			<xmax>464</xmax>
			<ymax>126</ymax>
		</bndbox>
	</object>
	<object>
		<name>牙结石1度</name>
		<pose>Unspecified</pose>
		<truncated>0</truncated>
		<difficult>0</difficult>
		<bndbox>
			<xmin>216</xmin>
			<ymin>250</ymin>
			<xmax>454</xmax>
			<ymax>299</ymax>
		</bndbox>
	</object>
	<object>
		<name>牙结石1度</name>
		<pose>Unspecified</pose>
		<truncated>0</truncated>
		<difficult>0</difficult>
		<bndbox>
			<xmin>2</xmin>
			<ymin>291</ymin>
			<xmax>103</xmax>
			<ymax>340</ymax>
		</bndbox>
	</object>
	<object>
		<name>牙结石1度</name>
		<pose>Unspecified</pose>
		<truncated>0</truncated>
		<difficult>0</difficult>
		<bndbox>
			<xmin>419</xmin>
			<ymin>229</ymin>
			<xmax>506</xmax>
			<ymax>269</ymax>
		</bndbox>
	</object>
	<object>
		<name>牙结石1度</name>
		<pose>Unspecified</pose>
		<truncated>1</truncated>
		<difficult>0</difficult>
		<bndbox>
			<xmin>465</xmin>
			<ymin>43</ymin>
			<xmax>510</xmax>
			<ymax>106</ymax>
		</bndbox>
	</object>
</annotation>
