<annotation>
	<folder>fr_net</folder>
	<filename>yjs_106.jpg</filename>
	<path>/Users/zxl/Desktop/All_yjs/images/fr_net/yjs_106.jpg</path>
	<source>
		<database>Unknown</database>
	</source>
	<size>
		<width>600</width>
		<height>400</height>
		<depth>3</depth>
	</size>
	<segmented>0</segmented>
	<object>
		<name>牙</name>
		<pose>Unspecified</pose>
		<truncated>0</truncated>
		<difficult>0</difficult>
		<bndbox>
			<xmin>3</xmin>
			<ymin>17</ymin>
			<xmax>563</xmax>
			<ymax>317</ymax>
		</bndbox>
	</object>
	<object>
		<name>牙结石1度</name>
		<pose>Unspecified</pose>
		<truncated>0</truncated>
		<difficult>0</difficult>
		<bndbox>
			<xmin>369</xmin>
			<ymin>71</ymin>
			<xmax>467</xmax>
			<ymax>168</ymax>
		</bndbox>
	</object>
	<object>
		<name>牙结石2度</name>
		<pose>Unspecified</pose>
		<truncated>0</truncated>
		<difficult>0</difficult>
		<bndbox>
			<xmin>311</xmin>
			<ymin>268</ymin>
			<xmax>497</xmax>
			<ymax>326</ymax>
		</bndbox>
	</object>
</annotation>
