<annotation>
	<folder>fr_net</folder>
	<filename>yjs_103.jpg</filename>
	<path>/Users/zxl/Desktop/All_yjs/images/fr_net/yjs_103.jpg</path>
	<source>
		<database>Unknown</database>
	</source>
	<size>
		<width>400</width>
		<height>300</height>
		<depth>3</depth>
	</size>
	<segmented>0</segmented>
	<object>
		<name>牙</name>
		<pose>Unspecified</pose>
		<truncated>0</truncated>
		<difficult>0</difficult>
		<bndbox>
			<xmin>29</xmin>
			<ymin>106</ymin>
			<xmax>268</xmax>
			<ymax>234</ymax>
		</bndbox>
	</object>
	<object>
		<name>牙</name>
		<pose>Unspecified</pose>
		<truncated>0</truncated>
		<difficult>0</difficult>
		<bndbox>
			<xmin>325</xmin>
			<ymin>209</ymin>
			<xmax>368</xmax>
			<ymax>276</ymax>
		</bndbox>
	</object>
	<object>
		<name>牙结石3度</name>
		<pose>Unspecified</pose>
		<truncated>0</truncated>
		<difficult>0</difficult>
		<bndbox>
			<xmin>95</xmin>
			<ymin>136</ymin>
			<xmax>264</xmax>
			<ymax>219</ymax>
		</bndbox>
	</object>
	<object>
		<name>牙结石2度</name>
		<pose>Unspecified</pose>
		<truncated>0</truncated>
		<difficult>0</difficult>
		<bndbox>
			<xmin>265</xmin>
			<ymin>141</ymin>
			<xmax>325</xmax>
			<ymax>218</ymax>
		</bndbox>
	</object>
</annotation>
