<annotation>
	<folder>fr_net</folder>
	<filename>yjs_69.jpg</filename>
	<path>/Users/zxl/Desktop/All_yjs/images/fr_net/yjs_69.jpg</path>
	<source>
		<database>Unknown</database>
	</source>
	<size>
		<width>450</width>
		<height>262</height>
		<depth>3</depth>
	</size>
	<segmented>0</segmented>
	<object>
		<name>牙</name>
		<pose>Unspecified</pose>
		<truncated>1</truncated>
		<difficult>0</difficult>
		<bndbox>
			<xmin>3</xmin>
			<ymin>20</ymin>
			<xmax>450</xmax>
			<ymax>262</ymax>
		</bndbox>
	</object>
	<object>
		<name>牙结石2度</name>
		<pose>Unspecified</pose>
		<truncated>0</truncated>
		<difficult>0</difficult>
		<bndbox>
			<xmin>96</xmin>
			<ymin>78</ymin>
			<xmax>257</xmax>
			<ymax>165</ymax>
		</bndbox>
	</object>
	<object>
		<name>牙结石1度</name>
		<pose>Unspecified</pose>
		<truncated>0</truncated>
		<difficult>0</difficult>
		<bndbox>
			<xmin>35</xmin>
			<ymin>144</ymin>
			<xmax>66</xmax>
			<ymax>212</ymax>
		</bndbox>
	</object>
	<object>
		<name>牙结石1度</name>
		<pose>Unspecified</pose>
		<truncated>0</truncated>
		<difficult>0</difficult>
		<bndbox>
			<xmin>287</xmin>
			<ymin>84</ymin>
			<xmax>364</xmax>
			<ymax>183</ymax>
		</bndbox>
	</object>
</annotation>
