<annotation>
	<folder>images</folder>
	<filename>yjs_88.jpg</filename>
	<path>/Users/zxl/Desktop/data_processing/images/yjs_88.jpg</path>
	<source>
		<database>Unknown</database>
	</source>
	<size>
		<width>699</width>
		<height>713</height>
		<depth>3</depth>
	</size>
	<segmented>0</segmented>
	<object>
		<name>牙</name>
		<pose>Unspecified</pose>
		<truncated>1</truncated>
		<difficult>0</difficult>
		<bndbox>
			<xmin>54</xmin>
			<ymin>38</ymin>
			<xmax>699</xmax>
			<ymax>358</ymax>
		</bndbox>
	</object>
	<object>
		<name>牙</name>
		<pose>Unspecified</pose>
		<truncated>1</truncated>
		<difficult>0</difficult>
		<bndbox>
			<xmin>38</xmin>
			<ymin>397</ymin>
			<xmax>699</xmax>
			<ymax>713</ymax>
		</bndbox>
	</object>
	<object>
		<name>牙结石3度</name>
		<pose>Unspecified</pose>
		<truncated>0</truncated>
		<difficult>0</difficult>
		<bndbox>
			<xmin>119</xmin>
			<ymin>101</ymin>
			<xmax>593</xmax>
			<ymax>278</ymax>
		</bndbox>
	</object>
</annotation>
