<annotation>
	<folder>fr_net</folder>
	<filename>yjs_50.jpg</filename>
	<path>/Users/zxl/Desktop/All_yjs/images/fr_net/yjs_50.jpg</path>
	<source>
		<database>Unknown</database>
	</source>
	<size>
		<width>430</width>
		<height>225</height>
		<depth>3</depth>
	</size>
	<segmented>0</segmented>
	<object>
		<name>牙</name>
		<pose>Unspecified</pose>
		<truncated>1</truncated>
		<difficult>0</difficult>
		<bndbox>
			<xmin>1</xmin>
			<ymin>17</ymin>
			<xmax>430</xmax>
			<ymax>172</ymax>
		</bndbox>
	</object>
	<object>
		<name>牙结石2度</name>
		<pose>Unspecified</pose>
		<truncated>0</truncated>
		<difficult>0</difficult>
		<bndbox>
			<xmin>52</xmin>
			<ymin>116</ymin>
			<xmax>367</xmax>
			<ymax>201</ymax>
		</bndbox>
	</object>
</annotation>
