<annotation>
	<folder>images</folder>
	<filename>yjs_62.jpg</filename>
	<path>/Users/zxl/Desktop/data_processing/images/yjs_62.jpg</path>
	<source>
		<database>Unknown</database>
	</source>
	<size>
		<width>700</width>
		<height>467</height>
		<depth>3</depth>
	</size>
	<segmented>0</segmented>
	<object>
		<name>牙</name>
		<pose>Unspecified</pose>
		<truncated>0</truncated>
		<difficult>0</difficult>
		<bndbox>
			<xmin>83</xmin>
			<ymin>125</ymin>
			<xmax>676</xmax>
			<ymax>442</ymax>
		</bndbox>
	</object>
	<object>
		<name>牙结石3度</name>
		<pose>Unspecified</pose>
		<truncated>0</truncated>
		<difficult>0</difficult>
		<bndbox>
			<xmin>246</xmin>
			<ymin>139</ymin>
			<xmax>587</xmax>
			<ymax>406</ymax>
		</bndbox>
	</object>
</annotation>
