<annotation>
	<folder>images</folder>
	<filename>yjs_92.jpg</filename>
	<path>/Users/zxl/Desktop/data_processing/images/yjs_92.jpg</path>
	<source>
		<database>Unknown</database>
	</source>
	<size>
		<width>864</width>
		<height>419</height>
		<depth>3</depth>
	</size>
	<segmented>0</segmented>
	<object>
		<name>牙</name>
		<pose>Unspecified</pose>
		<truncated>1</truncated>
		<difficult>0</difficult>
		<bndbox>
			<xmin>60</xmin>
			<ymin>64</ymin>
			<xmax>844</xmax>
			<ymax>419</ymax>
		</bndbox>
	</object>
	<object>
		<name>牙结石1度</name>
		<pose>Unspecified</pose>
		<truncated>0</truncated>
		<difficult>0</difficult>
		<bndbox>
			<xmin>246</xmin>
			<ymin>115</ymin>
			<xmax>571</xmax>
			<ymax>226</ymax>
		</bndbox>
	</object>
</annotation>
