<annotation>
	<folder>fr_net</folder>
	<filename>yjs_126.jpg</filename>
	<path>/Users/zxl/Desktop/All_yjs/images/fr_net/yjs_126.jpg</path>
	<source>
		<database>Unknown</database>
	</source>
	<size>
		<width>400</width>
		<height>300</height>
		<depth>3</depth>
	</size>
	<segmented>0</segmented>
	<object>
		<name>牙</name>
		<pose>Unspecified</pose>
		<truncated>1</truncated>
		<difficult>0</difficult>
		<bndbox>
			<xmin>1</xmin>
			<ymin>70</ymin>
			<xmax>400</xmax>
			<ymax>214</ymax>
		</bndbox>
	</object>
	<object>
		<name>牙结石3度</name>
		<pose>Unspecified</pose>
		<truncated>0</truncated>
		<difficult>0</difficult>
		<bndbox>
			<xmin>6</xmin>
			<ymin>36</ymin>
			<xmax>116</xmax>
			<ymax>114</ymax>
		</bndbox>
	</object>
	<object>
		<name>牙结石2度</name>
		<pose>Unspecified</pose>
		<truncated>0</truncated>
		<difficult>0</difficult>
		<bndbox>
			<xmin>126</xmin>
			<ymin>52</ymin>
			<xmax>252</xmax>
			<ymax>94</ymax>
		</bndbox>
	</object>
	<object>
		<name>牙结石3度</name>
		<pose>Unspecified</pose>
		<truncated>1</truncated>
		<difficult>0</difficult>
		<bndbox>
			<xmin>259</xmin>
			<ymin>44</ymin>
			<xmax>400</xmax>
			<ymax>124</ymax>
		</bndbox>
	</object>
	<object>
		<name>牙结石3度</name>
		<pose>Unspecified</pose>
		<truncated>0</truncated>
		<difficult>0</difficult>
		<bndbox>
			<xmin>19</xmin>
			<ymin>171</ymin>
			<xmax>383</xmax>
			<ymax>241</ymax>
		</bndbox>
	</object>
</annotation>
