<annotation>
	<folder>fr_net</folder>
	<filename>yjs_81.jpg</filename>
	<path>/Users/zxl/Desktop/All_yjs/images/fr_net/yjs_81.jpg</path>
	<source>
		<database>Unknown</database>
	</source>
	<size>
		<width>465</width>
		<height>271</height>
		<depth>3</depth>
	</size>
	<segmented>0</segmented>
	<object>
		<name>牙</name>
		<pose>Unspecified</pose>
		<truncated>1</truncated>
		<difficult>0</difficult>
		<bndbox>
			<xmin>14</xmin>
			<ymin>58</ymin>
			<xmax>465</xmax>
			<ymax>271</ymax>
		</bndbox>
	</object>
	<object>
		<name>牙结石3度</name>
		<pose>Unspecified</pose>
		<truncated>0</truncated>
		<difficult>0</difficult>
		<bndbox>
			<xmin>133</xmin>
			<ymin>106</ymin>
			<xmax>280</xmax>
			<ymax>204</ymax>
		</bndbox>
	</object>
	<object>
		<name>牙结石2度</name>
		<pose>Unspecified</pose>
		<truncated>0</truncated>
		<difficult>0</difficult>
		<bndbox>
			<xmin>96</xmin>
			<ymin>136</ymin>
			<xmax>133</xmax>
			<ymax>210</ymax>
		</bndbox>
	</object>
	<object>
		<name>牙结石2度</name>
		<pose>Unspecified</pose>
		<truncated>0</truncated>
		<difficult>0</difficult>
		<bndbox>
			<xmin>287</xmin>
			<ymin>119</ymin>
			<xmax>328</xmax>
			<ymax>186</ymax>
		</bndbox>
	</object>
</annotation>
