<annotation>
	<folder>fr_net</folder>
	<filename>yjs_34.jpg</filename>
	<path>/Users/zxl/Desktop/All_yjs/images/fr_net/yjs_34.jpg</path>
	<source>
		<database>Unknown</database>
	</source>
	<size>
		<width>500</width>
		<height>277</height>
		<depth>3</depth>
	</size>
	<segmented>0</segmented>
	<object>
		<name>牙</name>
		<pose>Unspecified</pose>
		<truncated>1</truncated>
		<difficult>0</difficult>
		<bndbox>
			<xmin>86</xmin>
			<ymin>52</ymin>
			<xmax>500</xmax>
			<ymax>276</ymax>
		</bndbox>
	</object>
	<object>
		<name>牙结石3度</name>
		<pose>Unspecified</pose>
		<truncated>0</truncated>
		<difficult>0</difficult>
		<bndbox>
			<xmin>174</xmin>
			<ymin>119</ymin>
			<xmax>389</xmax>
			<ymax>267</ymax>
		</bndbox>
	</object>
</annotation>
