<annotation>
	<folder>fr_net</folder>
	<filename>yjs_116.jpg</filename>
	<path>/Users/zxl/Desktop/All_yjs/images/fr_net/yjs_116.jpg</path>
	<source>
		<database>Unknown</database>
	</source>
	<size>
		<width>500</width>
		<height>336</height>
		<depth>3</depth>
	</size>
	<segmented>0</segmented>
	<object>
		<name>牙</name>
		<pose>Unspecified</pose>
		<truncated>1</truncated>
		<difficult>0</difficult>
		<bndbox>
			<xmin>1</xmin>
			<ymin>68</ymin>
			<xmax>500</xmax>
			<ymax>313</ymax>
		</bndbox>
	</object>
	<object>
		<name>牙结石2度</name>
		<pose>Unspecified</pose>
		<truncated>0</truncated>
		<difficult>0</difficult>
		<bndbox>
			<xmin>98</xmin>
			<ymin>144</ymin>
			<xmax>461</xmax>
			<ymax>248</ymax>
		</bndbox>
	</object>
</annotation>
