<annotation>
	<folder>fr_net</folder>
	<filename>yjs_2.jpg</filename>
	<path>/Users/zxl/Desktop/All_yjs/images/fr_net/yjs_2.jpg</path>
	<source>
		<database>Unknown</database>
	</source>
	<size>
		<width>720</width>
		<height>324</height>
		<depth>3</depth>
	</size>
	<segmented>0</segmented>
	<object>
		<name>牙</name>
		<pose>Unspecified</pose>
		<truncated>0</truncated>
		<difficult>0</difficult>
		<bndbox>
			<xmin>3</xmin>
			<ymin>18</ymin>
			<xmax>718</xmax>
			<ymax>322</ymax>
		</bndbox>
	</object>
	<object>
		<name>牙结石3度</name>
		<pose>Unspecified</pose>
		<truncated>0</truncated>
		<difficult>0</difficult>
		<bndbox>
			<xmin>12</xmin>
			<ymin>97</ymin>
			<xmax>696</xmax>
			<ymax>318</ymax>
		</bndbox>
	</object>
</annotation>
