<annotation>
	<folder>fr_net</folder>
	<filename>yjs_29.jpg</filename>
	<path>/Users/zxl/Desktop/All_yjs/images/fr_net/yjs_29.jpg</path>
	<source>
		<database>Unknown</database>
	</source>
	<size>
		<width>420</width>
		<height>246</height>
		<depth>3</depth>
	</size>
	<segmented>0</segmented>
	<object>
		<name>牙</name>
		<pose>Unspecified</pose>
		<truncated>1</truncated>
		<difficult>0</difficult>
		<bndbox>
			<xmin>2</xmin>
			<ymin>38</ymin>
			<xmax>420</xmax>
			<ymax>204</ymax>
		</bndbox>
	</object>
	<object>
		<name>牙结石2度</name>
		<pose>Unspecified</pose>
		<truncated>0</truncated>
		<difficult>0</difficult>
		<bndbox>
			<xmin>99</xmin>
			<ymin>83</ymin>
			<xmax>251</xmax>
			<ymax>160</ymax>
		</bndbox>
	</object>
	<object>
		<name>牙结石2度</name>
		<pose>Unspecified</pose>
		<truncated>0</truncated>
		<difficult>0</difficult>
		<bndbox>
			<xmin>269</xmin>
			<ymin>123</ymin>
			<xmax>396</xmax>
			<ymax>192</ymax>
		</bndbox>
	</object>
</annotation>
