<annotation>
	<folder>fr_net</folder>
	<filename>yjs_124.jpg</filename>
	<path>/Users/zxl/Desktop/All_yjs/images/fr_net/yjs_124.jpg</path>
	<source>
		<database>Unknown</database>
	</source>
	<size>
		<width>1080</width>
		<height>1060</height>
		<depth>3</depth>
	</size>
	<segmented>0</segmented>
	<object>
		<name>牙</name>
		<pose>Unspecified</pose>
		<truncated>1</truncated>
		<difficult>0</difficult>
		<bndbox>
			<xmin>5</xmin>
			<ymin>247</ymin>
			<xmax>1080</xmax>
			<ymax>678</ymax>
		</bndbox>
	</object>
	<object>
		<name>牙</name>
		<pose>Unspecified</pose>
		<truncated>1</truncated>
		<difficult>0</difficult>
		<bndbox>
			<xmin>4</xmin>
			<ymin>709</ymin>
			<xmax>1080</xmax>
			<ymax>1000</ymax>
		</bndbox>
	</object>
	<object>
		<name>牙结石2度</name>
		<pose>Unspecified</pose>
		<truncated>0</truncated>
		<difficult>0</difficult>
		<bndbox>
			<xmin>120</xmin>
			<ymin>250</ymin>
			<xmax>909</xmax>
			<ymax>432</ymax>
		</bndbox>
	</object>
</annotation>
