<annotation>
	<folder>fr_net</folder>
	<filename>yjs_6.jpg</filename>
	<path>/Users/zxl/Desktop/All_yjs/images/fr_net/yjs_6.jpg</path>
	<source>
		<database>Unknown</database>
	</source>
	<size>
		<width>300</width>
		<height>200</height>
		<depth>3</depth>
	</size>
	<segmented>0</segmented>
	<object>
		<name>牙结石3度</name>
		<pose>Unspecified</pose>
		<truncated>0</truncated>
		<difficult>0</difficult>
		<bndbox>
			<xmin>80</xmin>
			<ymin>80</ymin>
			<xmax>223</xmax>
			<ymax>153</ymax>
		</bndbox>
	</object>
	<object>
		<name>牙</name>
		<pose>Unspecified</pose>
		<truncated>0</truncated>
		<difficult>0</difficult>
		<bndbox>
			<xmin>30</xmin>
			<ymin>41</ymin>
			<xmax>265</xmax>
			<ymax>190</ymax>
		</bndbox>
	</object>
</annotation>
