<annotation>
	<folder>fr_net</folder>
	<filename>yjs_28.jpg</filename>
	<path>/Users/zxl/Desktop/All_yjs/images/fr_net/yjs_28.jpg</path>
	<source>
		<database>Unknown</database>
	</source>
	<size>
		<width>500</width>
		<height>375</height>
		<depth>3</depth>
	</size>
	<segmented>0</segmented>
	<object>
		<name>牙</name>
		<pose>Unspecified</pose>
		<truncated>0</truncated>
		<difficult>0</difficult>
		<bndbox>
			<xmin>92</xmin>
			<ymin>130</ymin>
			<xmax>416</xmax>
			<ymax>236</ymax>
		</bndbox>
	</object>
	<object>
		<name>牙结石1度</name>
		<pose>Unspecified</pose>
		<truncated>0</truncated>
		<difficult>0</difficult>
		<bndbox>
			<xmin>131</xmin>
			<ymin>125</ymin>
			<xmax>229</xmax>
			<ymax>171</ymax>
		</bndbox>
	</object>
	<object>
		<name>牙结石3度</name>
		<pose>Unspecified</pose>
		<truncated>0</truncated>
		<difficult>0</difficult>
		<bndbox>
			<xmin>251</xmin>
			<ymin>126</ymin>
			<xmax>407</xmax>
			<ymax>179</ymax>
		</bndbox>
	</object>
	<object>
		<name>牙结石2度</name>
		<pose>Unspecified</pose>
		<truncated>0</truncated>
		<difficult>0</difficult>
		<bndbox>
			<xmin>152</xmin>
			<ymin>199</ymin>
			<xmax>359</xmax>
			<ymax>253</ymax>
		</bndbox>
	</object>
</annotation>
