<annotation>
	<folder>fr_net</folder>
	<filename>yjs_13.jpg</filename>
	<path>/Users/zxl/Desktop/All_yjs/images/fr_net/yjs_13.jpg</path>
	<source>
		<database>Unknown</database>
	</source>
	<size>
		<width>450</width>
		<height>300</height>
		<depth>3</depth>
	</size>
	<segmented>0</segmented>
	<object>
		<name>牙</name>
		<pose>Unspecified</pose>
		<truncated>0</truncated>
		<difficult>0</difficult>
		<bndbox>
			<xmin>2</xmin>
			<ymin>23</ymin>
			<xmax>437</xmax>
			<ymax>237</ymax>
		</bndbox>
	</object>
	<object>
		<name>牙结石1度</name>
		<pose>Unspecified</pose>
		<truncated>0</truncated>
		<difficult>0</difficult>
		<bndbox>
			<xmin>278</xmin>
			<ymin>51</ymin>
			<xmax>365</xmax>
			<ymax>131</ymax>
		</bndbox>
	</object>
	<object>
		<name>牙结石2度</name>
		<pose>Unspecified</pose>
		<truncated>0</truncated>
		<difficult>0</difficult>
		<bndbox>
			<xmin>234</xmin>
			<ymin>204</ymin>
			<xmax>425</xmax>
			<ymax>251</ymax>
		</bndbox>
	</object>
</annotation>
