<annotation>
	<folder>fr_net</folder>
	<filename>yjs_114.jpg</filename>
	<path>/Users/zxl/Desktop/All_yjs/images/fr_net/yjs_114.jpg</path>
	<source>
		<database>Unknown</database>
	</source>
	<size>
		<width>200</width>
		<height>132</height>
		<depth>3</depth>
	</size>
	<segmented>0</segmented>
	<object>
		<name>牙</name>
		<pose>Unspecified</pose>
		<truncated>1</truncated>
		<difficult>0</difficult>
		<bndbox>
			<xmin>17</xmin>
			<ymin>25</ymin>
			<xmax>200</xmax>
			<ymax>103</ymax>
		</bndbox>
	</object>
	<object>
		<name>牙结石3度</name>
		<pose>Unspecified</pose>
		<truncated>0</truncated>
		<difficult>0</difficult>
		<bndbox>
			<xmin>20</xmin>
			<ymin>28</ymin>
			<xmax>144</xmax>
			<ymax>64</ymax>
		</bndbox>
	</object>
	<object>
		<name>牙结石3度</name>
		<pose>Unspecified</pose>
		<truncated>0</truncated>
		<difficult>0</difficult>
		<bndbox>
			<xmin>26</xmin>
			<ymin>80</ymin>
			<xmax>151</xmax>
			<ymax>123</ymax>
		</bndbox>
	</object>
	<object>
		<name>牙结石3度</name>
		<pose>Unspecified</pose>
		<truncated>0</truncated>
		<difficult>0</difficult>
		<bndbox>
			<xmin>146</xmin>
			<ymin>64</ymin>
			<xmax>198</xmax>
			<ymax>89</ymax>
		</bndbox>
	</object>
</annotation>
