<annotation>
	<folder>fr_net</folder>
	<filename>yjs_44.jpg</filename>
	<path>/Users/zxl/Desktop/All_yjs/images/fr_net/yjs_44.jpg</path>
	<source>
		<database>Unknown</database>
	</source>
	<size>
		<width>398</width>
		<height>265</height>
		<depth>3</depth>
	</size>
	<segmented>0</segmented>
	<object>
		<name>牙</name>
		<pose>Unspecified</pose>
		<truncated>0</truncated>
		<difficult>0</difficult>
		<bndbox>
			<xmin>10</xmin>
			<ymin>25</ymin>
			<xmax>386</xmax>
			<ymax>255</ymax>
		</bndbox>
	</object>
	<object>
		<name>牙结石3度</name>
		<pose>Unspecified</pose>
		<truncated>0</truncated>
		<difficult>0</difficult>
		<bndbox>
			<xmin>174</xmin>
			<ymin>68</ymin>
			<xmax>329</xmax>
			<ymax>186</ymax>
		</bndbox>
	</object>
	<object>
		<name>牙结石2度</name>
		<pose>Unspecified</pose>
		<truncated>0</truncated>
		<difficult>0</difficult>
		<bndbox>
			<xmin>50</xmin>
			<ymin>101</ymin>
			<xmax>171</xmax>
			<ymax>193</ymax>
		</bndbox>
	</object>
</annotation>
