<annotation>
	<folder>images</folder>
	<filename>yjs_35.jpg</filename>
	<path>/Users/zxl/Desktop/data_processing/images/yjs_35.jpg</path>
	<source>
		<database>Unknown</database>
	</source>
	<size>
		<width>640</width>
		<height>425</height>
		<depth>3</depth>
	</size>
	<segmented>0</segmented>
	<object>
		<name>牙</name>
		<pose>Unspecified</pose>
		<truncated>0</truncated>
		<difficult>0</difficult>
		<bndbox>
			<xmin>99</xmin>
			<ymin>171</ymin>
			<xmax>519</xmax>
			<ymax>273</ymax>
		</bndbox>
	</object>
	<object>
		<name>牙</name>
		<pose>Unspecified</pose>
		<truncated>0</truncated>
		<difficult>0</difficult>
		<bndbox>
			<xmin>472</xmin>
			<ymin>192</ymin>
			<xmax>638</xmax>
			<ymax>375</ymax>
		</bndbox>
	</object>
	<object>
		<name>牙结石1度</name>
		<pose>Unspecified</pose>
		<truncated>0</truncated>
		<difficult>0</difficult>
		<bndbox>
			<xmin>153</xmin>
			<ymin>241</ymin>
			<xmax>516</xmax>
			<ymax>284</ymax>
		</bndbox>
	</object>
</annotation>
