<annotation>
	<folder>fr_net</folder>
	<filename>yjs_119.jpg</filename>
	<path>/Users/zxl/Desktop/All_yjs/images/fr_net/yjs_119.jpg</path>
	<source>
		<database>Unknown</database>
	</source>
	<size>
		<width>514</width>
		<height>300</height>
		<depth>3</depth>
	</size>
	<segmented>0</segmented>
	<object>
		<name>牙</name>
		<pose>Unspecified</pose>
		<truncated>1</truncated>
		<difficult>0</difficult>
		<bndbox>
			<xmin>55</xmin>
			<ymin>58</ymin>
			<xmax>505</xmax>
			<ymax>300</ymax>
		</bndbox>
	</object>
	<object>
		<name>牙结石3度</name>
		<pose>Unspecified</pose>
		<truncated>0</truncated>
		<difficult>0</difficult>
		<bndbox>
			<xmin>137</xmin>
			<ymin>132</ymin>
			<xmax>293</xmax>
			<ymax>249</ymax>
		</bndbox>
	</object>
</annotation>
