<annotation>
	<folder>fr_net</folder>
	<filename>yjs_60.jpg</filename>
	<path>/Users/zxl/Desktop/All_yjs/images/fr_net/yjs_60.jpg</path>
	<source>
		<database>Unknown</database>
	</source>
	<size>
		<width>500</width>
		<height>263</height>
		<depth>3</depth>
	</size>
	<segmented>0</segmented>
	<object>
		<name>牙</name>
		<pose>Unspecified</pose>
		<truncated>1</truncated>
		<difficult>0</difficult>
		<bndbox>
			<xmin>7</xmin>
			<ymin>49</ymin>
			<xmax>500</xmax>
			<ymax>263</ymax>
		</bndbox>
	</object>
	<object>
		<name>牙结石3度</name>
		<pose>Unspecified</pose>
		<truncated>0</truncated>
		<difficult>0</difficult>
		<bndbox>
			<xmin>107</xmin>
			<ymin>130</ymin>
			<xmax>417</xmax>
			<ymax>246</ymax>
		</bndbox>
	</object>
</annotation>
