<annotation>
	<folder>images</folder>
	<filename>yjs_30.jpg</filename>
	<path>/Users/zxl/Desktop/data_processing/images/yjs_30.jpg</path>
	<source>
		<database>Unknown</database>
	</source>
	<size>
		<width>500</width>
		<height>337</height>
		<depth>3</depth>
	</size>
	<segmented>0</segmented>
	<object>
		<name>牙</name>
		<pose>Unspecified</pose>
		<truncated>1</truncated>
		<difficult>0</difficult>
		<bndbox>
			<xmin>48</xmin>
			<ymin>84</ymin>
			<xmax>497</xmax>
			<ymax>337</ymax>
		</bndbox>
	</object>
	<object>
		<name>牙结石3度</name>
		<pose>Unspecified</pose>
		<truncated>0</truncated>
		<difficult>0</difficult>
		<bndbox>
			<xmin>83</xmin>
			<ymin>117</ymin>
			<xmax>433</xmax>
			<ymax>255</ymax>
		</bndbox>
	</object>
</annotation>
