<annotation>
	<folder>fr_net</folder>
	<filename>yjs_86.jpg</filename>
	<path>/Users/zxl/Desktop/All_yjs/images/fr_net/yjs_86.jpg</path>
	<source>
		<database>Unknown</database>
	</source>
	<size>
		<width>561</width>
		<height>420</height>
		<depth>3</depth>
	</size>
	<segmented>0</segmented>
	<object>
		<name>牙</name>
		<pose>Unspecified</pose>
		<truncated>1</truncated>
		<difficult>0</difficult>
		<bndbox>
			<xmin>2</xmin>
			<ymin>99</ymin>
			<xmax>561</xmax>
			<ymax>420</ymax>
		</bndbox>
	</object>
	<object>
		<name>牙结石3度</name>
		<pose>Unspecified</pose>
		<truncated>0</truncated>
		<difficult>0</difficult>
		<bndbox>
			<xmin>63</xmin>
			<ymin>176</ymin>
			<xmax>548</xmax>
			<ymax>391</ymax>
		</bndbox>
	</object>
	<object>
		<name>牙结石2度</name>
		<pose>Unspecified</pose>
		<truncated>0</truncated>
		<difficult>0</difficult>
		<bndbox>
			<xmin>3</xmin>
			<ymin>105</ymin>
			<xmax>75</xmax>
			<ymax>227</ymax>
		</bndbox>
	</object>
	<object>
		<name>牙结石3度</name>
		<pose>Unspecified</pose>
		<truncated>1</truncated>
		<difficult>0</difficult>
		<bndbox>
			<xmin>519</xmin>
			<ymin>56</ymin>
			<xmax>561</xmax>
			<ymax>110</ymax>
		</bndbox>
	</object>
</annotation>
