<annotation>
	<folder>fr_net</folder>
	<filename>yjs_107.jpg</filename>
	<path>/Users/zxl/Desktop/All_yjs/images/fr_net/yjs_107.jpg</path>
	<source>
		<database>Unknown</database>
	</source>
	<size>
		<width>300</width>
		<height>200</height>
		<depth>3</depth>
	</size>
	<segmented>0</segmented>
	<object>
		<name>牙</name>
		<pose>Unspecified</pose>
		<truncated>1</truncated>
		<difficult>0</difficult>
		<bndbox>
			<xmin>93</xmin>
			<ymin>38</ymin>
			<xmax>300</xmax>
			<ymax>142</ymax>
		</bndbox>
	</object>
	<object>
		<name>牙结石3度</name>
		<pose>Unspecified</pose>
		<truncated>0</truncated>
		<difficult>0</difficult>
		<bndbox>
			<xmin>144</xmin>
			<ymin>87</ymin>
			<xmax>232</xmax>
			<ymax>148</ymax>
		</bndbox>
	</object>
</annotation>
