<annotation>
	<folder>fr_net</folder>
	<filename>yjs_64.jpg</filename>
	<path>/Users/zxl/Desktop/All_yjs/images/fr_net/yjs_64.jpg</path>
	<source>
		<database>Unknown</database>
	</source>
	<size>
		<width>600</width>
		<height>312</height>
		<depth>3</depth>
	</size>
	<segmented>0</segmented>
	<object>
		<name>牙</name>
		<pose>Unspecified</pose>
		<truncated>1</truncated>
		<difficult>0</difficult>
		<bndbox>
			<xmin>113</xmin>
			<ymin>39</ymin>
			<xmax>590</xmax>
			<ymax>312</ymax>
		</bndbox>
	</object>
	<object>
		<name>牙结石2度</name>
		<pose>Unspecified</pose>
		<truncated>0</truncated>
		<difficult>0</difficult>
		<bndbox>
			<xmin>167</xmin>
			<ymin>195</ymin>
			<xmax>219</xmax>
			<ymax>304</ymax>
		</bndbox>
	</object>
	<object>
		<name>牙结石3度</name>
		<pose>Unspecified</pose>
		<truncated>0</truncated>
		<difficult>0</difficult>
		<bndbox>
			<xmin>186</xmin>
			<ymin>79</ymin>
			<xmax>300</xmax>
			<ymax>205</ymax>
		</bndbox>
	</object>
</annotation>
