<annotation>
	<folder>fr_net</folder>
	<filename>yjs_113.jpg</filename>
	<path>/Users/zxl/Desktop/All_yjs/images/fr_net/yjs_113.jpg</path>
	<source>
		<database>Unknown</database>
	</source>
	<size>
		<width>518</width>
		<height>368</height>
		<depth>3</depth>
	</size>
	<segmented>0</segmented>
	<object>
		<name>牙</name>
		<pose>Unspecified</pose>
		<truncated>1</truncated>
		<difficult>0</difficult>
		<bndbox>
			<xmin>1</xmin>
			<ymin>12</ymin>
			<xmax>517</xmax>
			<ymax>254</ymax>
		</bndbox>
	</object>
	<object>
		<name>牙结石3度</name>
		<pose>Unspecified</pose>
		<truncated>0</truncated>
		<difficult>0</difficult>
		<bndbox>
			<xmin>48</xmin>
			<ymin>154</ymin>
			<xmax>428</xmax>
			<ymax>336</ymax>
		</bndbox>
	</object>
</annotation>
