<annotation>
	<folder>fr_net</folder>
	<filename>yjs_45.jpg</filename>
	<path>/Users/zxl/Desktop/All_yjs/images/fr_net/yjs_45.jpg</path>
	<source>
		<database>Unknown</database>
	</source>
	<size>
		<width>543</width>
		<height>284</height>
		<depth>3</depth>
	</size>
	<segmented>0</segmented>
	<object>
		<name>牙</name>
		<pose>Unspecified</pose>
		<truncated>0</truncated>
		<difficult>0</difficult>
		<bndbox>
			<xmin>2</xmin>
			<ymin>75</ymin>
			<xmax>533</xmax>
			<ymax>276</ymax>
		</bndbox>
	</object>
	<object>
		<name>牙结石1度</name>
		<pose>Unspecified</pose>
		<truncated>0</truncated>
		<difficult>0</difficult>
		<bndbox>
			<xmin>14</xmin>
			<ymin>208</ymin>
			<xmax>126</xmax>
			<ymax>273</ymax>
		</bndbox>
	</object>
	<object>
		<name>牙结石3度</name>
		<pose>Unspecified</pose>
		<truncated>0</truncated>
		<difficult>0</difficult>
		<bndbox>
			<xmin>165</xmin>
			<ymin>48</ymin>
			<xmax>371</xmax>
			<ymax>130</ymax>
		</bndbox>
	</object>
	<object>
		<name>牙结石1度</name>
		<pose>Unspecified</pose>
		<truncated>0</truncated>
		<difficult>0</difficult>
		<bndbox>
			<xmin>374</xmin>
			<ymin>104</ymin>
			<xmax>419</xmax>
			<ymax>172</ymax>
		</bndbox>
	</object>
	<object>
		<name>牙结石1度</name>
		<pose>Unspecified</pose>
		<truncated>0</truncated>
		<difficult>0</difficult>
		<bndbox>
			<xmin>90</xmin>
			<ymin>92</ymin>
			<xmax>133</xmax>
			<ymax>143</ymax>
		</bndbox>
	</object>
	<object>
		<name>牙结石1度</name>
		<pose>Unspecified</pose>
		<truncated>0</truncated>
		<difficult>0</difficult>
		<bndbox>
			<xmin>132</xmin>
			<ymin>224</ymin>
			<xmax>199</xmax>
			<ymax>278</ymax>
		</bndbox>
	</object>
</annotation>
