<annotation>
	<folder>images</folder>
	<filename>yjs_58.jpg</filename>
	<path>/Users/zxl/Desktop/data_processing/images/yjs_58.jpg</path>
	<source>
		<database>Unknown</database>
	</source>
	<size>
		<width>1023</width>
		<height>682</height>
		<depth>3</depth>
	</size>
	<segmented>0</segmented>
	<object>
		<name>牙</name>
		<pose>Unspecified</pose>
		<truncated>0</truncated>
		<difficult>0</difficult>
		<bndbox>
			<xmin>5</xmin>
			<ymin>116</ymin>
			<xmax>1019</xmax>
			<ymax>677</ymax>
		</bndbox>
	</object>
	<object>
		<name>牙结石1度</name>
		<pose>Unspecified</pose>
		<truncated>0</truncated>
		<difficult>0</difficult>
		<bndbox>
			<xmin>191</xmin>
			<ymin>210</ymin>
			<xmax>707</xmax>
			<ymax>501</ymax>
		</bndbox>
	</object>
</annotation>
