<annotation>
	<folder>fr_net</folder>
	<filename>yjs_128.jpg</filename>
	<path>/Users/zxl/Desktop/All_yjs/images/fr_net/yjs_128.jpg</path>
	<source>
		<database>Unknown</database>
	</source>
	<size>
		<width>588</width>
		<height>429</height>
		<depth>3</depth>
	</size>
	<segmented>0</segmented>
	<object>
		<name>牙</name>
		<pose>Unspecified</pose>
		<truncated>1</truncated>
		<difficult>0</difficult>
		<bndbox>
			<xmin>1</xmin>
			<ymin>3</ymin>
			<xmax>585</xmax>
			<ymax>419</ymax>
		</bndbox>
	</object>
	<object>
		<name>牙结石3度</name>
		<pose>Unspecified</pose>
		<truncated>0</truncated>
		<difficult>0</difficult>
		<bndbox>
			<xmin>111</xmin>
			<ymin>169</ymin>
			<xmax>553</xmax>
			<ymax>329</ymax>
		</bndbox>
	</object>
	<object>
		<name>牙结石2度</name>
		<pose>Unspecified</pose>
		<truncated>0</truncated>
		<difficult>0</difficult>
		<bndbox>
			<xmin>33</xmin>
			<ymin>87</ymin>
			<xmax>109</xmax>
			<ymax>216</ymax>
		</bndbox>
	</object>
	<object>
		<name>牙结石2度</name>
		<pose>Unspecified</pose>
		<truncated>0</truncated>
		<difficult>0</difficult>
		<bndbox>
			<xmin>543</xmin>
			<ymin>42</ymin>
			<xmax>586</xmax>
			<ymax>121</ymax>
		</bndbox>
	</object>
</annotation>
