<annotation>
	<folder>fr_net</folder>
	<filename>yjs_118.jpg</filename>
	<path>/Users/zxl/Desktop/All_yjs/images/fr_net/yjs_118.jpg</path>
	<source>
		<database>Unknown</database>
	</source>
	<size>
		<width>400</width>
		<height>250</height>
		<depth>3</depth>
	</size>
	<segmented>0</segmented>
	<object>
		<name>牙</name>
		<pose>Unspecified</pose>
		<truncated>0</truncated>
		<difficult>0</difficult>
		<bndbox>
			<xmin>2</xmin>
			<ymin>15</ymin>
			<xmax>395</xmax>
			<ymax>244</ymax>
		</bndbox>
	</object>
	<object>
		<name>牙结石3度</name>
		<pose>Unspecified</pose>
		<truncated>0</truncated>
		<difficult>0</difficult>
		<bndbox>
			<xmin>121</xmin>
			<ymin>73</ymin>
			<xmax>340</xmax>
			<ymax>185</ymax>
		</bndbox>
	</object>
	<object>
		<name>牙结石2度</name>
		<pose>Unspecified</pose>
		<truncated>0</truncated>
		<difficult>0</difficult>
		<bndbox>
			<xmin>41</xmin>
			<ymin>130</ymin>
			<xmax>117</xmax>
			<ymax>194</ymax>
		</bndbox>
	</object>
</annotation>
