<annotation>
	<folder>fr_net</folder>
	<filename>yjs_3.jpg</filename>
	<path>/Users/zxl/Desktop/All_yjs/images/fr_net/yjs_3.jpg</path>
	<source>
		<database>Unknown</database>
	</source>
	<size>
		<width>450</width>
		<height>339</height>
		<depth>3</depth>
	</size>
	<segmented>0</segmented>
	<object>
		<name>牙</name>
		<pose>Unspecified</pose>
		<truncated>1</truncated>
		<difficult>0</difficult>
		<bndbox>
			<xmin>1</xmin>
			<ymin>94</ymin>
			<xmax>449</xmax>
			<ymax>284</ymax>
		</bndbox>
	</object>
	<object>
		<name>牙结石2度</name>
		<pose>Unspecified</pose>
		<truncated>0</truncated>
		<difficult>0</difficult>
		<bndbox>
			<xmin>17</xmin>
			<ymin>169</ymin>
			<xmax>175</xmax>
			<ymax>271</ymax>
		</bndbox>
	</object>
	<object>
		<name>牙结石3度</name>
		<pose>Unspecified</pose>
		<truncated>0</truncated>
		<difficult>0</difficult>
		<bndbox>
			<xmin>179</xmin>
			<ymin>156</ymin>
			<xmax>443</xmax>
			<ymax>287</ymax>
		</bndbox>
	</object>
</annotation>
