<annotation>
	<folder>fr_net</folder>
	<filename>yjs_49.jpg</filename>
	<path>/Users/zxl/Desktop/All_yjs/images/fr_net/yjs_49.jpg</path>
	<source>
		<database>Unknown</database>
	</source>
	<size>
		<width>640</width>
		<height>393</height>
		<depth>3</depth>
	</size>
	<segmented>0</segmented>
	<object>
		<name>牙</name>
		<pose>Unspecified</pose>
		<truncated>1</truncated>
		<difficult>0</difficult>
		<bndbox>
			<xmin>1</xmin>
			<ymin>79</ymin>
			<xmax>639</xmax>
			<ymax>393</ymax>
		</bndbox>
	</object>
	<object>
		<name>牙结石3度</name>
		<pose>Unspecified</pose>
		<truncated>0</truncated>
		<difficult>0</difficult>
		<bndbox>
			<xmin>129</xmin>
			<ymin>173</ymin>
			<xmax>537</xmax>
			<ymax>318</ymax>
		</bndbox>
	</object>
	<object>
		<name>牙结石2度</name>
		<pose>Unspecified</pose>
		<truncated>0</truncated>
		<difficult>0</difficult>
		<bndbox>
			<xmin>58</xmin>
			<ymin>301</ymin>
			<xmax>169</xmax>
			<ymax>392</ymax>
		</bndbox>
	</object>
</annotation>
