<annotation>
	<folder>fr_net</folder>
	<filename>yjs_123.jpg</filename>
	<path>/Users/zxl/Desktop/All_yjs/images/fr_net/yjs_123.jpg</path>
	<source>
		<database>Unknown</database>
	</source>
	<size>
		<width>478</width>
		<height>308</height>
		<depth>3</depth>
	</size>
	<segmented>0</segmented>
	<object>
		<name>牙</name>
		<pose>Unspecified</pose>
		<truncated>1</truncated>
		<difficult>0</difficult>
		<bndbox>
			<xmin>32</xmin>
			<ymin>51</ymin>
			<xmax>440</xmax>
			<ymax>308</ymax>
		</bndbox>
	</object>
	<object>
		<name>牙结石3度</name>
		<pose>Unspecified</pose>
		<truncated>0</truncated>
		<difficult>0</difficult>
		<bndbox>
			<xmin>103</xmin>
			<ymin>117</ymin>
			<xmax>251</xmax>
			<ymax>227</ymax>
		</bndbox>
	</object>
</annotation>
