<annotation>
	<folder>fr_net</folder>
	<filename>yjs_18.jpg</filename>
	<path>/Users/zxl/Desktop/All_yjs/images/fr_net/yjs_18.jpg</path>
	<source>
		<database>Unknown</database>
	</source>
	<size>
		<width>625</width>
		<height>311</height>
		<depth>3</depth>
	</size>
	<segmented>0</segmented>
	<object>
		<name>牙</name>
		<pose>Unspecified</pose>
		<truncated>1</truncated>
		<difficult>0</difficult>
		<bndbox>
			<xmin>123</xmin>
			<ymin>45</ymin>
			<xmax>544</xmax>
			<ymax>311</ymax>
		</bndbox>
	</object>
	<object>
		<name>牙结石3度</name>
		<pose>Unspecified</pose>
		<truncated>0</truncated>
		<difficult>0</difficult>
		<bndbox>
			<xmin>178</xmin>
			<ymin>97</ymin>
			<xmax>384</xmax>
			<ymax>233</ymax>
		</bndbox>
	</object>
</annotation>
