<annotation>
	<folder>fr_net</folder>
	<filename>yjs_21.jpg</filename>
	<path>/Users/zxl/Desktop/All_yjs/images/fr_net/yjs_21.jpg</path>
	<source>
		<database>Unknown</database>
	</source>
	<size>
		<width>480</width>
		<height>320</height>
		<depth>3</depth>
	</size>
	<segmented>0</segmented>
	<object>
		<name>牙</name>
		<pose>Unspecified</pose>
		<truncated>0</truncated>
		<difficult>0</difficult>
		<bndbox>
			<xmin>3</xmin>
			<ymin>18</ymin>
			<xmax>475</xmax>
			<ymax>319</ymax>
		</bndbox>
	</object>
	<object>
		<name>牙结石3度</name>
		<pose>Unspecified</pose>
		<truncated>0</truncated>
		<difficult>0</difficult>
		<bndbox>
			<xmin>53</xmin>
			<ymin>88</ymin>
			<xmax>426</xmax>
			<ymax>228</ymax>
		</bndbox>
	</object>
</annotation>
