<annotation>
	<folder>fr_net</folder>
	<filename>yjs_112.jpg</filename>
	<path>/Users/zxl/Desktop/All_yjs/images/fr_net/yjs_112.jpg</path>
	<source>
		<database>Unknown</database>
	</source>
	<size>
		<width>432</width>
		<height>213</height>
		<depth>3</depth>
	</size>
	<segmented>0</segmented>
	<object>
		<name>牙</name>
		<pose>Unspecified</pose>
		<truncated>1</truncated>
		<difficult>0</difficult>
		<bndbox>
			<xmin>88</xmin>
			<ymin>36</ymin>
			<xmax>372</xmax>
			<ymax>213</ymax>
		</bndbox>
	</object>
	<object>
		<name>牙结石3度</name>
		<pose>Unspecified</pose>
		<truncated>0</truncated>
		<difficult>0</difficult>
		<bndbox>
			<xmin>138</xmin>
			<ymin>91</ymin>
			<xmax>234</xmax>
			<ymax>157</ymax>
		</bndbox>
	</object>
</annotation>
