<annotation>
	<folder>fr_net</folder>
	<filename>yjs_43.jpg</filename>
	<path>/Users/zxl/Desktop/All_yjs/images/fr_net/yjs_43.jpg</path>
	<source>
		<database>Unknown</database>
	</source>
	<size>
		<width>403</width>
		<height>129</height>
		<depth>3</depth>
	</size>
	<segmented>0</segmented>
	<object>
		<name>牙</name>
		<pose>Unspecified</pose>
		<truncated>1</truncated>
		<difficult>0</difficult>
		<bndbox>
			<xmin>1</xmin>
			<ymin>26</ymin>
			<xmax>199</xmax>
			<ymax>94</ymax>
		</bndbox>
	</object>
	<object>
		<name>牙</name>
		<pose>Unspecified</pose>
		<truncated>1</truncated>
		<difficult>0</difficult>
		<bndbox>
			<xmin>208</xmin>
			<ymin>24</ymin>
			<xmax>403</xmax>
			<ymax>94</ymax>
		</bndbox>
	</object>
	<object>
		<name>牙结石2度</name>
		<pose>Unspecified</pose>
		<truncated>0</truncated>
		<difficult>0</difficult>
		<bndbox>
			<xmin>24</xmin>
			<ymin>78</ymin>
			<xmax>188</xmax>
			<ymax>102</ymax>
		</bndbox>
	</object>
	<object>
		<name>牙结石3度</name>
		<pose>Unspecified</pose>
		<truncated>0</truncated>
		<difficult>0</difficult>
		<bndbox>
			<xmin>26</xmin>
			<ymin>24</ymin>
			<xmax>184</xmax>
			<ymax>54</ymax>
		</bndbox>
	</object>
</annotation>
