<annotation>
	<folder>fr_net</folder>
	<filename>yjs_67.jpg</filename>
	<path>/Users/zxl/Desktop/All_yjs/images/fr_net/yjs_67.jpg</path>
	<source>
		<database>Unknown</database>
	</source>
	<size>
		<width>600</width>
		<height>450</height>
		<depth>3</depth>
	</size>
	<segmented>0</segmented>
	<object>
		<name>牙</name>
		<pose>Unspecified</pose>
		<truncated>1</truncated>
		<difficult>0</difficult>
		<bndbox>
			<xmin>19</xmin>
			<ymin>17</ymin>
			<xmax>571</xmax>
			<ymax>450</ymax>
		</bndbox>
	</object>
	<object>
		<name>牙结石3度</name>
		<pose>Unspecified</pose>
		<truncated>0</truncated>
		<difficult>0</difficult>
		<bndbox>
			<xmin>145</xmin>
			<ymin>155</ymin>
			<xmax>208</xmax>
			<ymax>277</ymax>
		</bndbox>
	</object>
	<object>
		<name>牙结石3度</name>
		<pose>Unspecified</pose>
		<truncated>0</truncated>
		<difficult>0</difficult>
		<bndbox>
			<xmin>210</xmin>
			<ymin>79</ymin>
			<xmax>429</xmax>
			<ymax>196</ymax>
		</bndbox>
	</object>
	<object>
		<name>牙结石2度</name>
		<pose>Unspecified</pose>
		<truncated>0</truncated>
		<difficult>0</difficult>
		<bndbox>
			<xmin>434</xmin>
			<ymin>182</ymin>
			<xmax>476</xmax>
			<ymax>295</ymax>
		</bndbox>
	</object>
</annotation>
