<annotation>
	<folder>fr_net</folder>
	<filename>yjs_80.jpg</filename>
	<path>/Users/zxl/Desktop/All_yjs/images/fr_net/yjs_80.jpg</path>
	<source>
		<database>Unknown</database>
	</source>
	<size>
		<width>467</width>
		<height>351</height>
		<depth>3</depth>
	</size>
	<segmented>0</segmented>
	<object>
		<name>牙</name>
		<pose>Unspecified</pose>
		<truncated>1</truncated>
		<difficult>0</difficult>
		<bndbox>
			<xmin>31</xmin>
			<ymin>1</ymin>
			<xmax>217</xmax>
			<ymax>129</ymax>
		</bndbox>
	</object>
	<object>
		<name>牙结石2度</name>
		<pose>Unspecified</pose>
		<truncated>0</truncated>
		<difficult>0</difficult>
		<bndbox>
			<xmin>29</xmin>
			<ymin>80</ymin>
			<xmax>223</xmax>
			<ymax>159</ymax>
		</bndbox>
	</object>
	<object>
		<name>牙</name>
		<pose>Unspecified</pose>
		<truncated>1</truncated>
		<difficult>0</difficult>
		<bndbox>
			<xmin>259</xmin>
			<ymin>197</ymin>
			<xmax>467</xmax>
			<ymax>351</ymax>
		</bndbox>
	</object>
</annotation>
