<annotation>
	<folder>fr_net</folder>
	<filename>yjs_22.jpg</filename>
	<path>/Users/zxl/Desktop/All_yjs/images/fr_net/yjs_22.jpg</path>
	<source>
		<database>Unknown</database>
	</source>
	<size>
		<width>576</width>
		<height>375</height>
		<depth>3</depth>
	</size>
	<segmented>0</segmented>
	<object>
		<name>牙</name>
		<pose>Unspecified</pose>
		<truncated>1</truncated>
		<difficult>0</difficult>
		<bndbox>
			<xmin>1</xmin>
			<ymin>57</ymin>
			<xmax>574</xmax>
			<ymax>313</ymax>
		</bndbox>
	</object>
	<object>
		<name>牙结石3度</name>
		<pose>Unspecified</pose>
		<truncated>0</truncated>
		<difficult>0</difficult>
		<bndbox>
			<xmin>45</xmin>
			<ymin>147</ymin>
			<xmax>564</xmax>
			<ymax>310</ymax>
		</bndbox>
	</object>
</annotation>
