<annotation>
	<folder>fr_net</folder>
	<filename>yjs_101.jpg</filename>
	<path>/Users/zxl/Desktop/All_yjs/images/fr_net/yjs_101.jpg</path>
	<source>
		<database>Unknown</database>
	</source>
	<size>
		<width>479</width>
		<height>360</height>
		<depth>3</depth>
	</size>
	<segmented>0</segmented>
	<object>
		<name>牙</name>
		<pose>Unspecified</pose>
		<truncated>1</truncated>
		<difficult>0</difficult>
		<bndbox>
			<xmin>1</xmin>
			<ymin>42</ymin>
			<xmax>479</xmax>
			<ymax>259</ymax>
		</bndbox>
	</object>
	<object>
		<name>牙结石3度</name>
		<pose>Unspecified</pose>
		<truncated>0</truncated>
		<difficult>0</difficult>
		<bndbox>
			<xmin>175</xmin>
			<ymin>147</ymin>
			<xmax>476</xmax>
			<ymax>306</ymax>
		</bndbox>
	</object>
	<object>
		<name>牙结石2度</name>
		<pose>Unspecified</pose>
		<truncated>0</truncated>
		<difficult>0</difficult>
		<bndbox>
			<xmin>8</xmin>
			<ymin>151</ymin>
			<xmax>167</xmax>
			<ymax>282</ymax>
		</bndbox>
	</object>
</annotation>
