<annotation>
	<folder>fr_net</folder>
	<filename>yjs_20.jpg</filename>
	<path>/Users/zxl/Desktop/All_yjs/images/fr_net/yjs_20.jpg</path>
	<source>
		<database>Unknown</database>
	</source>
	<size>
		<width>480</width>
		<height>320</height>
		<depth>3</depth>
	</size>
	<segmented>0</segmented>
	<object>
		<name>牙</name>
		<pose>Unspecified</pose>
		<truncated>1</truncated>
		<difficult>0</difficult>
		<bndbox>
			<xmin>1</xmin>
			<ymin>15</ymin>
			<xmax>479</xmax>
			<ymax>313</ymax>
		</bndbox>
	</object>
	<object>
		<name>牙结石3度</name>
		<pose>Unspecified</pose>
		<truncated>0</truncated>
		<difficult>0</difficult>
		<bndbox>
			<xmin>48</xmin>
			<ymin>69</ymin>
			<xmax>416</xmax>
			<ymax>229</ymax>
		</bndbox>
	</object>
</annotation>
