<annotation>
	<folder>fr_net</folder>
	<filename>yjs_42.jpg</filename>
	<path>/Users/zxl/Desktop/All_yjs/images/fr_net/yjs_42.jpg</path>
	<source>
		<database>Unknown</database>
	</source>
	<size>
		<width>200</width>
		<height>130</height>
		<depth>3</depth>
	</size>
	<segmented>0</segmented>
	<object>
		<name>牙</name>
		<pose>Unspecified</pose>
		<truncated>1</truncated>
		<difficult>0</difficult>
		<bndbox>
			<xmin>1</xmin>
			<ymin>26</ymin>
			<xmax>200</xmax>
			<ymax>99</ymax>
		</bndbox>
	</object>
	<object>
		<name>牙结石3度</name>
		<pose>Unspecified</pose>
		<truncated>0</truncated>
		<difficult>0</difficult>
		<bndbox>
			<xmin>34</xmin>
			<ymin>60</ymin>
			<xmax>153</xmax>
			<ymax>117</ymax>
		</bndbox>
	</object>
</annotation>
