<annotation>
	<folder>fr_net</folder>
	<filename>yjs_27.jpg</filename>
	<path>/Users/zxl/Desktop/All_yjs/images/fr_net/yjs_27.jpg</path>
	<source>
		<database>Unknown</database>
	</source>
	<size>
		<width>1024</width>
		<height>513</height>
		<depth>3</depth>
	</size>
	<segmented>0</segmented>
	<object>
		<name>牙</name>
		<pose>Unspecified</pose>
		<truncated>1</truncated>
		<difficult>0</difficult>
		<bndbox>
			<xmin>17</xmin>
			<ymin>124</ymin>
			<xmax>1024</xmax>
			<ymax>513</ymax>
		</bndbox>
	</object>
	<object>
		<name>牙结石3度</name>
		<pose>Unspecified</pose>
		<truncated>0</truncated>
		<difficult>0</difficult>
		<bndbox>
			<xmin>391</xmin>
			<ymin>202</ymin>
			<xmax>724</xmax>
			<ymax>383</ymax>
		</bndbox>
	</object>
	<object>
		<name>牙结石1度</name>
		<pose>Unspecified</pose>
		<truncated>0</truncated>
		<difficult>0</difficult>
		<bndbox>
			<xmin>273</xmin>
			<ymin>244</ymin>
			<xmax>394</xmax>
			<ymax>469</ymax>
		</bndbox>
	</object>
	<object>
		<name>牙结石2度</name>
		<pose>Unspecified</pose>
		<truncated>0</truncated>
		<difficult>0</difficult>
		<bndbox>
			<xmin>734</xmin>
			<ymin>286</ymin>
			<xmax>892</xmax>
			<ymax>505</ymax>
		</bndbox>
	</object>
</annotation>
