<annotation>
	<folder>fr_net</folder>
	<filename>yjs_84.jpg</filename>
	<path>/Users/zxl/Desktop/All_yjs/images/fr_net/yjs_84.jpg</path>
	<source>
		<database>Unknown</database>
	</source>
	<size>
		<width>650</width>
		<height>650</height>
		<depth>3</depth>
	</size>
	<segmented>0</segmented>
	<object>
		<name>牙</name>
		<pose>Unspecified</pose>
		<truncated>1</truncated>
		<difficult>0</difficult>
		<bndbox>
			<xmin>2</xmin>
			<ymin>327</ymin>
			<xmax>650</xmax>
			<ymax>627</ymax>
		</bndbox>
	</object>
	<object>
		<name>牙</name>
		<pose>Unspecified</pose>
		<truncated>1</truncated>
		<difficult>0</difficult>
		<bndbox>
			<xmin>3</xmin>
			<ymin>1</ymin>
			<xmax>650</xmax>
			<ymax>309</ymax>
		</bndbox>
	</object>
	<object>
		<name>牙结石3度</name>
		<pose>Unspecified</pose>
		<truncated>0</truncated>
		<difficult>0</difficult>
		<bndbox>
			<xmin>191</xmin>
			<ymin>153</ymin>
			<xmax>553</xmax>
			<ymax>260</ymax>
		</bndbox>
	</object>
</annotation>
