<annotation>
	<folder>images</folder>
	<filename>yjs_55.jpg</filename>
	<path>/Users/zxl/Desktop/data_processing/images/yjs_55.jpg</path>
	<source>
		<database>Unknown</database>
	</source>
	<size>
		<width>751</width>
		<height>475</height>
		<depth>3</depth>
	</size>
	<segmented>0</segmented>
	<object>
		<name>牙</name>
		<pose>Unspecified</pose>
		<truncated>1</truncated>
		<difficult>0</difficult>
		<bndbox>
			<xmin>46</xmin>
			<ymin>109</ymin>
			<xmax>751</xmax>
			<ymax>475</ymax>
		</bndbox>
	</object>
	<object>
		<name>牙结石3度</name>
		<pose>Unspecified</pose>
		<truncated>0</truncated>
		<difficult>0</difficult>
		<bndbox>
			<xmin>120</xmin>
			<ymin>186</ymin>
			<xmax>643</xmax>
			<ymax>378</ymax>
		</bndbox>
	</object>
</annotation>
