<annotation>
	<folder>fr_net</folder>
	<filename>yjs_105.jpg</filename>
	<path>/Users/zxl/Desktop/All_yjs/images/fr_net/yjs_105.jpg</path>
	<source>
		<database>Unknown</database>
	</source>
	<size>
		<width>338</width>
		<height>220</height>
		<depth>3</depth>
	</size>
	<segmented>0</segmented>
	<object>
		<name>牙</name>
		<pose>Unspecified</pose>
		<truncated>1</truncated>
		<difficult>0</difficult>
		<bndbox>
			<xmin>1</xmin>
			<ymin>29</ymin>
			<xmax>338</xmax>
			<ymax>154</ymax>
		</bndbox>
	</object>
	<object>
		<name>牙结石3度</name>
		<pose>Unspecified</pose>
		<truncated>0</truncated>
		<difficult>0</difficult>
		<bndbox>
			<xmin>42</xmin>
			<ymin>93</ymin>
			<xmax>331</xmax>
			<ymax>182</ymax>
		</bndbox>
	</object>
</annotation>
