<annotation>
	<folder>fr_net</folder>
	<filename>yjs_36.jpg</filename>
	<path>/Users/zxl/Desktop/All_yjs/images/fr_net/yjs_36.jpg</path>
	<source>
		<database>Unknown</database>
	</source>
	<size>
		<width>300</width>
		<height>266</height>
		<depth>3</depth>
	</size>
	<segmented>0</segmented>
	<object>
		<name>牙</name>
		<pose>Unspecified</pose>
		<truncated>0</truncated>
		<difficult>0</difficult>
		<bndbox>
			<xmin>13</xmin>
			<ymin>69</ymin>
			<xmax>282</xmax>
			<ymax>179</ymax>
		</bndbox>
	</object>
	<object>
		<name>牙结石3度</name>
		<pose>Unspecified</pose>
		<truncated>0</truncated>
		<difficult>0</difficult>
		<bndbox>
			<xmin>34</xmin>
			<ymin>115</ymin>
			<xmax>272</xmax>
			<ymax>217</ymax>
		</bndbox>
	</object>
</annotation>
