<annotation>
	<folder>images</folder>
	<filename>yjs_26.jpg</filename>
	<path>/Users/zxl/Desktop/data_processing/images/yjs_26.jpg</path>
	<source>
		<database>Unknown</database>
	</source>
	<size>
		<width>383</width>
		<height>248</height>
		<depth>3</depth>
	</size>
	<segmented>0</segmented>
	<object>
		<name>牙</name>
		<pose>Unspecified</pose>
		<truncated>1</truncated>
		<difficult>0</difficult>
		<bndbox>
			<xmin>1</xmin>
			<ymin>8</ymin>
			<xmax>382</xmax>
			<ymax>166</ymax>
		</bndbox>
	</object>
	<object>
		<name>牙结石3度</name>
		<pose>Unspecified</pose>
		<truncated>0</truncated>
		<difficult>0</difficult>
		<bndbox>
			<xmin>95</xmin>
			<ymin>49</ymin>
			<xmax>291</xmax>
			<ymax>133</ymax>
		</bndbox>
	</object>
</annotation>
