<annotation>
	<folder>images</folder>
	<filename>yjs_4.jpg</filename>
	<path>/Users/zxl/Desktop/data_processing/images/yjs_4.jpg</path>
	<source>
		<database>Unknown</database>
	</source>
	<size>
		<width>460</width>
		<height>303</height>
		<depth>3</depth>
	</size>
	<segmented>0</segmented>
	<object>
		<name>牙</name>
		<pose>Unspecified</pose>
		<truncated>0</truncated>
		<difficult>0</difficult>
		<bndbox>
			<xmin>40</xmin>
			<ymin>83</ymin>
			<xmax>429</xmax>
			<ymax>267</ymax>
		</bndbox>
	</object>
	<object>
		<name>牙结石1度</name>
		<pose>Unspecified</pose>
		<truncated>0</truncated>
		<difficult>0</difficult>
		<bndbox>
			<xmin>57</xmin>
			<ymin>103</ymin>
			<xmax>153</xmax>
			<ymax>159</ymax>
		</bndbox>
	</object>
	<object>
		<name>牙结石1度</name>
		<pose>Unspecified</pose>
		<truncated>0</truncated>
		<difficult>0</difficult>
		<bndbox>
			<xmin>171</xmin>
			<ymin>85</ymin>
			<xmax>322</xmax>
			<ymax>132</ymax>
		</bndbox>
	</object>
</annotation>
