<annotation>
	<folder>fr_net</folder>
	<filename>yjs_117.jpg</filename>
	<path>/Users/zxl/Desktop/All_yjs/images/fr_net/yjs_117.jpg</path>
	<source>
		<database>Unknown</database>
	</source>
	<size>
		<width>500</width>
		<height>666</height>
		<depth>3</depth>
	</size>
	<segmented>0</segmented>
	<object>
		<name>牙</name>
		<pose>Unspecified</pose>
		<truncated>0</truncated>
		<difficult>0</difficult>
		<bndbox>
			<xmin>51</xmin>
			<ymin>2</ymin>
			<xmax>495</xmax>
			<ymax>323</ymax>
		</bndbox>
	</object>
	<object>
		<name>牙结石2度</name>
		<pose>Unspecified</pose>
		<truncated>0</truncated>
		<difficult>0</difficult>
		<bndbox>
			<xmin>189</xmin>
			<ymin>230</ymin>
			<xmax>408</xmax>
			<ymax>293</ymax>
		</bndbox>
	</object>
	<object>
		<name>牙结石2度</name>
		<pose>Unspecified</pose>
		<truncated>0</truncated>
		<difficult>0</difficult>
		<bndbox>
			<xmin>394</xmin>
			<ymin>185</ymin>
			<xmax>431</xmax>
			<ymax>240</ymax>
		</bndbox>
	</object>
</annotation>
