<annotation>
	<folder>fr_net</folder>
	<filename>yjs_79.jpg</filename>
	<path>/Users/zxl/Desktop/All_yjs/images/fr_net/yjs_79.jpg</path>
	<source>
		<database>Unknown</database>
	</source>
	<size>
		<width>628</width>
		<height>434</height>
		<depth>3</depth>
	</size>
	<segmented>0</segmented>
	<object>
		<name>牙</name>
		<pose>Unspecified</pose>
		<truncated>1</truncated>
		<difficult>0</difficult>
		<bndbox>
			<xmin>3</xmin>
			<ymin>82</ymin>
			<xmax>628</xmax>
			<ymax>434</ymax>
		</bndbox>
	</object>
	<object>
		<name>牙结石3度</name>
		<pose>Unspecified</pose>
		<truncated>0</truncated>
		<difficult>0</difficult>
		<bndbox>
			<xmin>132</xmin>
			<ymin>141</ymin>
			<xmax>379</xmax>
			<ymax>289</ymax>
		</bndbox>
	</object>
</annotation>
