<annotation>
	<folder>images</folder>
	<filename>yjs_122.jpg</filename>
	<path>/Users/zxl/Desktop/data_processing/images/yjs_122.jpg</path>
	<source>
		<database>Unknown</database>
	</source>
	<size>
		<width>777</width>
		<height>350</height>
		<depth>3</depth>
	</size>
	<segmented>0</segmented>
	<object>
		<name>牙</name>
		<pose>Unspecified</pose>
		<truncated>1</truncated>
		<difficult>0</difficult>
		<bndbox>
			<xmin>4</xmin>
			<ymin>5</ymin>
			<xmax>777</xmax>
			<ymax>295</ymax>
		</bndbox>
	</object>
	<object>
		<name>牙结石2度</name>
		<pose>Unspecified</pose>
		<truncated>1</truncated>
		<difficult>0</difficult>
		<bndbox>
			<xmin>29</xmin>
			<ymin>109</ymin>
			<xmax>746</xmax>
			<ymax>350</ymax>
		</bndbox>
	</object>
</annotation>
