<annotation>
	<folder>images</folder>
	<filename>yjs_48.jpg</filename>
	<path>/Users/zxl/Desktop/data_processing/images/yjs_48.jpg</path>
	<source>
		<database>Unknown</database>
	</source>
	<size>
		<width>500</width>
		<height>333</height>
		<depth>3</depth>
	</size>
	<segmented>0</segmented>
	<object>
		<name>牙</name>
		<pose>Unspecified</pose>
		<truncated>1</truncated>
		<difficult>0</difficult>
		<bndbox>
			<xmin>4</xmin>
			<ymin>73</ymin>
			<xmax>497</xmax>
			<ymax>333</ymax>
		</bndbox>
	</object>
	<object>
		<name>牙结石3度</name>
		<pose>Unspecified</pose>
		<truncated>0</truncated>
		<difficult>0</difficult>
		<bndbox>
			<xmin>32</xmin>
			<ymin>128</ymin>
			<xmax>371</xmax>
			<ymax>303</ymax>
		</bndbox>
	</object>
</annotation>
