<annotation>
	<folder>images</folder>
	<filename>yjs_47.jpg</filename>
	<path>/Users/zxl/Desktop/data_processing/images/yjs_47.jpg</path>
	<source>
		<database>Unknown</database>
	</source>
	<size>
		<width>500</width>
		<height>376</height>
		<depth>3</depth>
	</size>
	<segmented>0</segmented>
	<object>
		<name>牙</name>
		<pose>Unspecified</pose>
		<truncated>0</truncated>
		<difficult>0</difficult>
		<bndbox>
			<xmin>21</xmin>
			<ymin>96</ymin>
			<xmax>467</xmax>
			<ymax>254</ymax>
		</bndbox>
	</object>
	<object>
		<name>牙结石2度</name>
		<pose>Unspecified</pose>
		<truncated>0</truncated>
		<difficult>0</difficult>
		<bndbox>
			<xmin>87</xmin>
			<ymin>83</ymin>
			<xmax>182</xmax>
			<ymax>162</ymax>
		</bndbox>
	</object>
	<object>
		<name>牙结石2度</name>
		<pose>Unspecified</pose>
		<truncated>0</truncated>
		<difficult>0</difficult>
		<bndbox>
			<xmin>346</xmin>
			<ymin>117</ymin>
			<xmax>375</xmax>
			<ymax>164</ymax>
		</bndbox>
	</object>
	<object>
		<name>牙结石2度</name>
		<pose>Unspecified</pose>
		<truncated>0</truncated>
		<difficult>0</difficult>
		<bndbox>
			<xmin>402</xmin>
			<ymin>116</ymin>
			<xmax>423</xmax>
			<ymax>151</ymax>
		</bndbox>
	</object>
	<object>
		<name>牙结石2度</name>
		<pose>Unspecified</pose>
		<truncated>0</truncated>
		<difficult>0</difficult>
		<bndbox>
			<xmin>100</xmin>
			<ymin>202</ymin>
			<xmax>142</xmax>
			<ymax>257</ymax>
		</bndbox>
	</object>
	<object>
		<name>牙结石3度</name>
		<pose>Unspecified</pose>
		<truncated>0</truncated>
		<difficult>0</difficult>
		<bndbox>
			<xmin>151</xmin>
			<ymin>197</ymin>
			<xmax>419</xmax>
			<ymax>293</ymax>
		</bndbox>
	</object>
</annotation>
