<annotation>
	<folder>images</folder>
	<filename>yjs_5.jpg</filename>
	<path>/Users/zxl/Desktop/data_processing/images/yjs_5.jpg</path>
	<source>
		<database>Unknown</database>
	</source>
	<size>
		<width>480</width>
		<height>300</height>
		<depth>3</depth>
	</size>
	<segmented>0</segmented>
	<object>
		<name>牙</name>
		<pose>Unspecified</pose>
		<truncated>0</truncated>
		<difficult>0</difficult>
		<bndbox>
			<xmin>40</xmin>
			<ymin>34</ymin>
			<xmax>469</xmax>
			<ymax>289</ymax>
		</bndbox>
	</object>
	<object>
		<name>牙结石1度</name>
		<pose>Unspecified</pose>
		<truncated>0</truncated>
		<difficult>0</difficult>
		<bndbox>
			<xmin>78</xmin>
			<ymin>34</ymin>
			<xmax>231</xmax>
			<ymax>123</ymax>
		</bndbox>
	</object>
</annotation>
