<annotation>
	<folder>images</folder>
	<filename>yjs_11.jpg</filename>
	<path>/Users/zxl/Desktop/data_processing/images/yjs_11.jpg</path>
	<source>
		<database>Unknown</database>
	</source>
	<size>
		<width>430</width>
		<height>225</height>
		<depth>3</depth>
	</size>
	<segmented>0</segmented>
	<object>
		<name>牙</name>
		<pose>Unspecified</pose>
		<truncated>1</truncated>
		<difficult>0</difficult>
		<bndbox>
			<xmin>1</xmin>
			<ymin>24</ymin>
			<xmax>430</xmax>
			<ymax>204</ymax>
		</bndbox>
	</object>
	<object>
		<name>牙结石2度</name>
		<pose>Unspecified</pose>
		<truncated>0</truncated>
		<difficult>0</difficult>
		<bndbox>
			<xmin>44</xmin>
			<ymin>91</ymin>
			<xmax>388</xmax>
			<ymax>196</ymax>
		</bndbox>
	</object>
</annotation>
