<annotation>
	<folder>images</folder>
	<filename>yjs_68.jpg</filename>
	<path>/Users/zxl/Desktop/data_processing/images/yjs_68.jpg</path>
	<source>
		<database>Unknown</database>
	</source>
	<size>
		<width>300</width>
		<height>200</height>
		<depth>3</depth>
	</size>
	<segmented>0</segmented>
	<object>
		<name>牙</name>
		<pose>Unspecified</pose>
		<truncated>0</truncated>
		<difficult>0</difficult>
		<bndbox>
			<xmin>31</xmin>
			<ymin>43</ymin>
			<xmax>265</xmax>
			<ymax>187</ymax>
		</bndbox>
	</object>
	<object>
		<name>牙结石3度</name>
		<pose>Unspecified</pose>
		<truncated>0</truncated>
		<difficult>0</difficult>
		<bndbox>
			<xmin>80</xmin>
			<ymin>75</ymin>
			<xmax>216</xmax>
			<ymax>153</ymax>
		</bndbox>
	</object>
</annotation>
