<annotation>
	<folder>images</folder>
	<filename>yjs_15.jpg</filename>
	<path>/Users/zxl/Desktop/data_processing/images/yjs_15.jpg</path>
	<source>
		<database>Unknown</database>
	</source>
	<size>
		<width>976</width>
		<height>652</height>
		<depth>3</depth>
	</size>
	<segmented>0</segmented>
	<object>
		<name>牙</name>
		<pose>Unspecified</pose>
		<truncated>0</truncated>
		<difficult>0</difficult>
		<bndbox>
			<xmin>21</xmin>
			<ymin>10</ymin>
			<xmax>613</xmax>
			<ymax>444</ymax>
		</bndbox>
	</object>
	<object>
		<name>牙结石1度</name>
		<pose>Unspecified</pose>
		<truncated>0</truncated>
		<difficult>0</difficult>
		<bndbox>
			<xmin>151</xmin>
			<ymin>269</ymin>
			<xmax>548</xmax>
			<ymax>397</ymax>
		</bndbox>
	</object>
</annotation>
