<annotation>
	<folder>fr_net</folder>
	<filename>yjs_14.jpg</filename>
	<path>/Users/zxl/Desktop/All_yjs/images/fr_net/yjs_14.jpg</path>
	<source>
		<database>Unknown</database>
	</source>
	<size>
		<width>400</width>
		<height>300</height>
		<depth>3</depth>
	</size>
	<segmented>0</segmented>
	<object>
		<name>牙</name>
		<pose>Unspecified</pose>
		<truncated>0</truncated>
		<difficult>0</difficult>
		<bndbox>
			<xmin>31</xmin>
			<ymin>102</ymin>
			<xmax>342</xmax>
			<ymax>230</ymax>
		</bndbox>
	</object>
	<object>
		<name>牙结石3度</name>
		<pose>Unspecified</pose>
		<truncated>0</truncated>
		<difficult>0</difficult>
		<bndbox>
			<xmin>76</xmin>
			<ymin>120</ymin>
			<xmax>264</xmax>
			<ymax>224</ymax>
		</bndbox>
	</object>
	<object>
		<name>牙结石2度</name>
		<pose>Unspecified</pose>
		<truncated>0</truncated>
		<difficult>0</difficult>
		<bndbox>
			<xmin>266</xmin>
			<ymin>135</ymin>
			<xmax>329</xmax>
			<ymax>223</ymax>
		</bndbox>
	</object>
</annotation>
